`,arm/velocity_ratio,arm/acceleration_ratio,belt/speed,dobot/operation,dobot/color,dobot/moving_arm,dobot/moving_belt,dobot/operation2,dobot/suction,meross/sample_timestamp,meross/power,meross/current,meross/voltage,dobot/pose_x,dobot/pose_y,dobot/pose_z,dobot/pose_rHead,dobot/pose_joint1Angle,dobot/pose_joint2Angle,dobot/pose_joint3Angle,dobot/pose_joint4Angle
32,100,20,60,homing,,,,homing,,,,,,132.8453522,-1.97767055,1.359848022,-0.852899969,-1.252899885,4.658533573,64.96951294,0
32,100,20,60,homing,,,,homing,,,,,,124.8056412,-45.55604935,1.359848022,-20.05289078,-20.4528904,4.658533573,64.96951294,0
32,100,20,60,homing,,,,homing,,,,,,99.27101135,-88.30101013,1.359848022,-41.65291595,-42.05291748,4.658533573,64.96951294,0
32,100,20,60,homing,,,,homing,,,,,,64.70977783,-116.0363922,1.359848022,-60.8529892,-61.25299072,4.658533573,64.96951294,0
32,100,20,60,homing,,,,homing,,54:57.9,16.443,0.15,236.8,22.94972801,-130.8629456,1.359848022,-80.05306244,-80.45306396,4.658533573,64.96951294,0
32,100,20,60,homing,,,,homing,,54:58.6,16.329,0.151,236.8,-26.83595085,-130.1215973,1.359848022,-101.6531448,-102.0531464,4.658533573,64.96951294,0
32,100,20,60,homing,,,,homing,,55:00.0,16.405,0.151,236.8,-68.13602448,-114.0582352,1.359848022,-120.8532181,-121.2532196,4.658533573,64.96951294,0
32,100,20,60,homing,,,,homing,,55:00.7,16.405,0.151,236.8,-96.68094635,-91.12955475,1.359848022,-136.6930695,-136.6730652,4.658533573,64.96951294,0
32,100,20,60,homing,,,,homing,,55:01.4,16.253,0.15,236.8,-94.94572449,-92.93603516,1.359848022,-135.6128387,-135.5928345,4.658533573,64.96951294,0
32,100,20,60,homing,,,,homing,,55:03.0,16.31,0.15,236.8,-75.43738556,-117.8089752,2.13092041,-122.6329117,-122.0809097,6.66160202,63.82540894,0
32,100,20,60,homing,,,,homing,,55:03.7,16.253,0.15,236.8,-11.18500996,-161.8620911,3.923210144,-93.95298004,-93.35298157,12.93207836,60.24386597,0
32,100,20,60,homing,,,,homing,,55:05.1,16.519,0.15,236.8,96.83027649,-178.7337189,4.455291748,-61.55306244,-60.95306396,24.86705208,53.42690277,0
32,100,20,60,homing,,,,homing,,55:05.8,16.519,0.151,236.8,197.3708954,-124.0657501,2.320220947,-32.15313721,-31.55313683,34.13624191,48.13256836,0
32,100,20,60,homing,,,,homing,,55:07.1,16.462,0.151,236.8,246.3302765,-24.20942497,0.398033142,-5.613023281,-5.251965523,38.90252304,45.41017914,0
32,100,20,60,homing,,,,homing,,55:07.8,16.462,0.15,236.8,249.9999847,0,-7.63E-06,0,0,39.71385956,44.94676971,0
32,100,20,60,homing,,,,homing,,55:08.5,16.101,0.15,236.8,249.9999847,0,-7.63E-06,0,0,39.71385956,44.94676971,0
32,100,20,60,homing,,,,homing,,55:09.9,16.253,0.149,236.8,249.9999847,0.00017966,-7.63E-06,4.12E-05,4.12E-05,39.71385956,44.94676971,0
32,100,20,60,homing,,,,homing,,55:10.6,16.253,0.149,236.8,249.9999847,0.00017966,-7.63E-06,4.12E-05,4.12E-05,39.71385956,44.94676971,0
32,100,20,60,homing,,,,homing,,55:12.0,16.196,0.149,236.8,249.9999847,0.00017966,-7.63E-06,4.12E-05,4.12E-05,39.71385956,44.94676971,0
32,100,20,60,homing,,,,homing,,55:12.7,16.234,0.149,236.8,249.9999847,0.00017966,-7.63E-06,4.12E-05,4.12E-05,39.71385956,44.94676971,0
32,100,20,60,homing,,,,homing,,55:13.4,16.291,0.149,236.8,249.9999847,0.00017966,-7.63E-06,4.12E-05,4.12E-05,39.71385956,44.94676971,0
32,100,20,60,homing,,,,homing,,55:14.9,16.234,0.149,236.8,250.1061096,0.000179736,0.020675659,4.12E-05,4.12E-05,39.73965836,44.91399384,0
32,100,20,60,homing,,,,homing,,55:15.6,16.234,0.149,236.8,253.7205963,14.95521832,9.455337524,4.12E-05,3.514384747,38.21472549,40.88221741,-3.5143435
32,100,20,60,homing,,,,homing,,55:17.0,16.253,0.151,236.8,264.5446777,59.74046707,37.70894623,4.10E-05,12.93229866,37.4480629,27.90487671,-12.93225765
32,100,20,60,homing,,,,homing,,55:17.7,16.69,0.151,236.8,273.8508301,98.24508667,62.00027084,4.20E-05,19.79460526,41.60094452,15.27649593,-19.79456329
32,100,20,60,go_to_pick_up_from_homing,nothing,,,go_to_pick_up_from_homing,,55:19.1,16.785,0.151,236.8,275.45224,103.1106873,65.40879059,4.01E-05,20.52131081,42.62756729,13.32308102,-20.52127075
32,100,20,60,go_to_pick_up_from_homing,nothing,,,go_to_pick_up_from_homing,,55:19.7,16.196,0.151,236.8,280.5542297,104.3081207,70.27250671,3.05E-05,20.39059067,44.7269783,9.982281685,-20.39056015
32,100,20,60,go_to_pick_up_from_homing,nothing,,,go_to_pick_up_from_homing,,55:21.1,16.31,0.15,236.8,289.4185791,106.0755386,80.25950623,1.14E-05,20.12453842,48.99985886,3.182829618,-20.12452698
32,100,20,60,go_to_pick_up_from_homing,nothing,,,go_to_pick_up_from_homing,,55:21.8,16.31,0.15,236.8,292.6247253,106.5535126,84.66538239,5.72E-06,20.00712013,50.88568115,0.181916386,-20.00711441
32,100,20,60,moving_belt,nothing,FALSE,TRUE,go_to_pick_up_from_homing,,55:22.6,16.215,0.15,236.8,292.822052,106.5785141,84.95825195,0,20,51,0,-20
32,100,20,60,moving_belt,nothing,FALSE,TRUE,go_to_pick_up_from_homing,,55:24.0,16.861,0.155,236.8,292.822052,106.5785141,84.95825195,0,20,51,0,-20
32,100,20,60,moving_belt,nothing,FALSE,TRUE,go_to_pick_up_from_homing,,55:24.7,16.348,0.155,236.8,292.822052,106.5785141,84.95825195,0,20,51,0,-20
32,100,20,60,moving_belt,nothing,FALSE,TRUE,go_to_pick_up_from_homing,,55:26.1,16.367,0.151,236.8,292.822052,106.5785141,84.95825195,0,20,51,0,-20
32,100,20,60,go_to_pick_down,nothing,TRUE,FALSE,joint 3 +,,55:26.8,16.367,0.151,236.8,292.8219604,106.5784836,84.77352905,0,20,51,0.088,-20
32,100,20,60,go_to_pick_down,nothing,TRUE,FALSE,joint 3 +,,55:28.2,16.519,0.152,236.8,292.6748962,106.5249557,78.17507172,0,20,51,2.737600088,-20
32,100,20,60,go_to_pick_down,nothing,TRUE,FALSE,joint 3 +,,55:28.8,16.101,0.152,236.8,291.1574097,105.9726334,62.20568466,0,20,51,9.073599815,-20
32,100,20,60,go_to_pick_down,nothing,TRUE,FALSE,joint 3 +,,55:29.5,16.006,0.152,236.8,286.4306641,104.2522354,40.7608757,0,20,51,17.61662865,-20
32,100,20,60,go_to_pick_down,nothing,TRUE,FALSE,joint 3 +,,55:30.9,16.025,0.152,236.8,283.2845764,103.1071548,31.28364182,0,20,51,21.45822525,-20
32,100,20,60,go_to_pick_up_from_pick_down,nothing,TRUE,FALSE,joint 3 -,TRUE,55:31.6,16.025,0.152,236.8,282.9835205,102.9975815,30.47392273,0,20,51,21.72640038,-20
32,100,20,60,go_to_pick_up_from_pick_down,nothing,TRUE,FALSE,joint 3 -,TRUE,55:33.0,22.975,0.176,236.8,286.1278687,104.1420288,39.75143433,0,20,51,17.79520035,-20
32,100,20,60,go_to_pick_up_from_pick_down,nothing,TRUE,FALSE,joint 3 -,TRUE,55:33.7,22.709,0.176,236.8,290.4719543,105.7231522,57.95792007,0,20,51,10.40070057,-20
32,100,20,60,go_to_pick_up_from_pick_down,nothing,TRUE,FALSE,joint 3 -,TRUE,55:35.1,22.785,0.208,236.8,292.5504456,106.47966,75.74459839,0,20,51,3.487103462,-20
32,100,20,60,go_to_pick_up_from_pick_down,nothing,TRUE,FALSE,joint 3 -,TRUE,55:35.8,22.804,0.208,236.8,292.8216858,106.5783768,84.60999298,0,20,51,0.115706749,-20
32,100,20,60,go_to_color_detect_up_from_pick_up,nothing,TRUE,FALSE,joint 1 +,TRUE,55:37.2,22.576,0.207,236.8,291.218811,110.8843002,84.95825195,0.844800949,20.89760017,51,0,-20
32,100,20,60,go_to_color_detect_up_from_pick_up,nothing,TRUE,FALSE,joint 1 +,TRUE,55:37.9,22.671,0.207,236.8,281.9944763,132.6003571,84.95825195,5.184000015,25.31360054,51,0,-20
32,100,20,60,go_to_color_detect_up_from_pick_up,nothing,TRUE,FALSE,joint 1 +,TRUE,55:38.6,22.69,0.206,236.8,256.8960571,176.3750153,84.95825195,14.47200394,34.68800354,51,0,-20
32,100,20,60,go_to_color_detect_up_from_pick_up,nothing,TRUE,FALSE,joint 1 +,TRUE,55:39.9,22.709,0.206,236.8,215.3101654,225.2671051,84.95825195,26.29465103,46.53850555,51,0,-20
32,100,20,60,go_to_color_detect_up_from_pick_up,nothing,TRUE,FALSE,joint 1 +,TRUE,55:40.6,22.709,0.197,236.8,173.3726807,258.9317322,84.95825195,36.19495392,56.36201096,51,0,-20
32,100,20,60,go_to_color_detect_up_from_pick_up,nothing,TRUE,FALSE,joint 1 +,TRUE,55:41.3,22.595,0.197,236.8,141.8266907,277.4687805,84.95825195,42.9263916,63.00704956,51,0,-20
32,100,20,60,go_to_color_detect_up_from_pick_up,nothing,TRUE,FALSE,joint 1 +,TRUE,55:42.9,22.576,0.206,236.8,131.7281342,282.4029541,84.95825195,44.99308777,64.99694061,51,0,-20
32,100,20,60,go_to_color_detect_down,nothing,TRUE,FALSE,joint 3 +,TRUE,55:43.6,22.595,0.206,236.8,131.6743317,282.3764954,81.2518158,45,65,51,1.513600111,-20
32,100,20,60,go_to_color_detect_down,nothing,TRUE,FALSE,joint 3 +,TRUE,55:45.0,22.481,0.203,236.8,131.169693,281.2943115,65.89910889,45,65,51,7.604800224,-20
32,100,20,60,go_to_color_detect_down,nothing,TRUE,FALSE,joint 3 +,TRUE,55:45.7,22.405,0.203,236.8,129.0725555,276.7969666,42.70642471,45,65,51,16.93600082,-20
32,100,20,60,go_to_color_detect_down,nothing,TRUE,FALSE,joint 3 +,TRUE,55:47.1,22.424,0.204,236.8,123.8789063,265.6591797,13.58069611,45,65,51,29.29472733,-20
32,100,20,60,go_to_color_detect_down,nothing,TRUE,FALSE,joint 3 +,TRUE,55:47.8,22.405,0.204,236.8,117.1496353,251.2281952,-9.559654236,45,65,51,40.17337036,-20
32,100,20,60,go_to_color_detect_down,nothing,TRUE,FALSE,joint 3 +,TRUE,55:49.2,22.481,0.204,236.8,112.8461075,241.9992523,-20.50665283,45,65,51,45.92646408,-20
32,100,20,60,go_to_color_detect_down,nothing,TRUE,FALSE,joint 3 +,FALSE,55:49.8,22.481,0.204,236.8,111.1487503,238.3592377,-24.26293945,45,65,51,47.99316406,-20
32,100,20,60,go_to_color_detect_up_from_color_detect_down,nothing,TRUE,FALSE,joint 3 -,FALSE,55:50.5,22.234,0.204,236.8,112.4556656,241.1619415,-21.39589691,45,65,51,46.27040482,-20
32,100,20,60,go_to_color_detect_up_from_color_detect_down,nothing,TRUE,FALSE,joint 3 -,FALSE,55:51.9,17.867,0.153,236.8,116.450882,249.7297211,-11.49481201,45,65,51,40.85600281,-20
32,100,20,60,go_to_color_detect_up_from_color_detect_down,nothing,TRUE,FALSE,joint 3 -,FALSE,55:52.6,16.12,0.153,236.8,123.0453339,263.8715515,10.13976288,45,65,51,30.35840034,-20
32,100,20,60,go_to_color_detect_up_from_color_detect_down,nothing,TRUE,FALSE,joint 3 -,FALSE,55:54.0,16.234,0.154,236.8,128.660675,275.9136658,39.58520126,45,65,51,17.73945045,-20
32,100,20,60,go_to_color_detect_up_from_color_detect_down,nothing,TRUE,FALSE,joint 3 -,FALSE,55:54.7,16.291,0.154,236.8,131.0420227,281.0205078,63.71604156,45,65,51,8.146348953,-20
32,100,20,60,go_to_color_detect_up_from_color_detect_down,nothing,TRUE,FALSE,joint 3 -,FALSE,55:56.1,16.158,0.15,236.8,131.6621704,282.3504333,80.247612,45,65,51,1.760509968,-20
32,100,20,60,detecting_color,nothing,FALSE,FALSE,detecting_color,FALSE,55:56.8,16.158,0.15,236.8,131.6940765,282.4188232,84.95808411,45,65,51,0,-20
32,100,20,60,detecting_color,nothing,FALSE,FALSE,detecting_color,FALSE,55:58.1,16.158,0.153,236.8,131.6940765,282.4188232,84.95825195,45,65,51,0,-20
32,100,20,60,go_to_color_detect_down,nothing,TRUE,FALSE,joint 3 +,FALSE,55:58.8,16.12,0.153,236.8,131.6915131,282.4133606,83.62413788,45,65,51,0.561600029,-20
32,100,20,60,go_to_color_detect_down,nothing,TRUE,FALSE,joint 3 +,FALSE,56:00.2,16.12,0.148,236.8,131.5174408,282.0400391,73.88111877,45,65,51,4.440000057,-20
32,100,20,60,go_to_color_detect_down,nothing,TRUE,FALSE,joint 3 +,FALSE,56:00.9,16.158,0.148,236.8,130.3790894,279.5988464,54.87321854,45,65,51,12.0048008,-20
32,100,20,60,go_to_color_detect_down,nothing,TRUE,FALSE,joint 3 +,FALSE,56:01.6,16.158,0.148,236.8,126.0410461,270.2958984,23.69100571,45,65,51,24.90436745,-20
32,100,20,60,go_to_color_detect_down,nothing,TRUE,FALSE,joint 3 +,FALSE,56:03.1,16.063,0.15,236.8,119.8837662,257.0915527,-1.268447876,45,65,51,36.11027145,-20
32,100,20,60,go_to_color_detect_down,nothing,TRUE,FALSE,joint 3 +,FALSE,56:03.8,16.12,0.15,236.8,114.6249924,245.8140717,-16.24980927,45,65,51,43.62977219,-20
32,100,20,60,go_to_color_detect_down,nothing,TRUE,FALSE,joint 3 +,FALSE,56:05.2,16.044,0.152,236.8,111.4199677,238.9408722,-23.68141937,45,65,51,47.68281174,-20
32,100,20,60,go_to_color_detect_up_from_color_detect_down,nothing,TRUE,FALSE,joint 3 -,TRUE,56:06.0,17.051,0.152,236.8,111.5241623,239.1643219,-23.45619202,45,65,51,47.48000336,-20
32,100,20,60,go_to_color_detect_up_from_color_detect_down,nothing,TRUE,FALSE,joint 3 -,TRUE,56:06.7,17.051,0.208,236.8,114.9523621,246.5161285,-15.42753601,45,65,51,42.94400024,-20
32,100,20,60,go_to_color_detect_up_from_color_detect_down,nothing,TRUE,FALSE,joint 3 -,TRUE,56:08.1,22.462,0.208,236.8,120.335228,258.0597229,0.226051331,45,65,51,34.99520111,-20
32,100,20,60,go_to_color_detect_up_from_color_detect_down,nothing,TRUE,FALSE,joint 3 -,TRUE,56:08.8,22.614,0.206,236.8,126.4796371,271.2364502,26.00693512,45,65,51,23.36828995,-20
32,100,20,60,go_to_color_detect_up_from_color_detect_down,nothing,TRUE,FALSE,joint 3 -,TRUE,56:10.2,22.671,0.206,236.8,130.5272217,279.9165344,56.60136414,45,65,51,10.93445015,-20
32,100,20,60,go_to_color_detect_up_from_color_detect_down,nothing,TRUE,FALSE,joint 3 -,TRUE,56:10.9,22.576,0.206,236.8,131.549469,282.1087341,74.93439484,45,65,51,3.79894805,-20
32,100,20,60,go_to_color_detect_up_from_color_detect_down,nothing,TRUE,FALSE,joint 3 -,TRUE,56:11.6,22.557,0.206,236.8,131.6926727,282.4158325,83.97279358,45,65,51,0.349846661,-20
32,100,20,60,go_to_red_up,red,TRUE,FALSE,joint 1 +,TRUE,56:13.0,22.31,0.194,236.8,128.4837189,283.8937378,84.95825195,45.64959717,65.69599915,51,0,-20
32,100,20,60,go_to_red_up,red,TRUE,FALSE,joint 1 +,TRUE,56:13.7,22.386,0.194,236.8,107.5756149,292.4572144,84.95825195,49.80477905,69.92958069,51,0,-20
32,100,20,60,go_to_red_up,red,TRUE,FALSE,joint 1 +,TRUE,56:15.1,22.443,0.194,236.8,66.91473389,304.345459,84.95825195,57.59999084,77.80158997,51,0,-20
32,100,20,60,go_to_red_up,red,TRUE,FALSE,joint 1 +,TRUE,56:15.7,22.443,0.194,236.8,4.994719028,311.5746765,84.95825195,69.08159637,89.35999298,51,0,-20
32,100,20,60,go_to_red_up,red,TRUE,FALSE,joint 1 +,TRUE,56:17.2,22.538,0.207,236.8,-78.39811707,301.5915527,84.95825195,84.57141876,104.8262939,51,0,-20
32,100,20,60,go_to_red_up,red,TRUE,FALSE,joint 1 +,TRUE,56:17.9,22.576,0.207,236.8,-131.6977234,282.4171448,84.95825195,95.00074005,115.1788177,51,0,-20
32,100,20,60,go_to_red_up,red,TRUE,FALSE,joint 1 +,TRUE,56:18.6,22.614,0.207,236.8,-163.9466553,265.0004272,84.95825195,101.7436523,121.8449326,51,0,-20
32,100,20,60,go_to_red_up,red,TRUE,FALSE,joint 1 +,TRUE,56:20.0,22.519,0.205,236.8,-178.3917694,255.4997101,84.95825195,104.9230194,124.9378967,51,0,-20
32,100,20,60,go_to_pick_up_from_red,red,TRUE,FALSE,joint 1 -,FALSE,56:20.7,22.462,0.205,236.8,-174.469162,258.1942139,84.95825195,104.0480042,123.9920044,51,0,-20
32,100,20,60,go_to_pick_up_from_red,red,TRUE,FALSE,joint 1 -,FALSE,56:22.1,16.253,0.153,236.8,-149.8088989,273.2416992,84.95825195,98.73442078,118.5920181,51,0,-20
32,100,20,60,go_to_pick_up_from_red,red,TRUE,FALSE,joint 1 -,FALSE,56:22.8,16.158,0.153,236.8,-107.0608444,292.6460571,84.95825195,90.09440613,109.875206,51,0,-20
32,100,20,60,go_to_pick_up_from_red,red,TRUE,FALSE,joint 1 -,FALSE,56:24.2,16.348,0.154,236.8,-42.11859131,308.7551575,84.95825195,77.76800537,97.47200775,51,0,-20
32,100,20,60,go_to_pick_up_from_red,red,TRUE,FALSE,joint 1 -,FALSE,56:24.9,16.348,0.154,236.8,56.81703568,306.3911743,84.95825195,59.49443054,79.11203003,51,0,-20
32,100,20,60,go_to_pick_up_from_red,red,TRUE,FALSE,joint 1 -,FALSE,56:25.6,16.196,0.154,236.8,151.9969635,272.0305786,84.95825195,40.80574036,60.4451828,51,0,-20
32,100,20,60,go_to_pick_up_from_red,red,TRUE,FALSE,joint 1 -,FALSE,56:27.0,16.272,0.153,236.8,219.1732635,221.5102844,84.95825195,25.30384827,45.02009201,51,0,-20
32,100,20,60,go_to_pick_up_from_red,red,TRUE,FALSE,joint 1 -,FALSE,56:27.7,16.272,0.153,236.8,263.4813538,166.3769684,84.95825195,12.27062225,32.07326508,51,0,-20
32,100,20,60,go_to_pick_up_from_red,red,TRUE,FALSE,joint 1 -,FALSE,56:29.1,16.158,0.153,236.8,283.3260803,129.7307281,84.95825195,4.602327347,24.48177147,51,0,-20
32,100,20,60,go_to_pick_up_from_red,red,TRUE,FALSE,joint 1 -,FALSE,56:29.8,16.158,0.153,236.8,291.6508179,109.7430573,84.95825195,0.620433807,20.57667732,51,0,-20
32,100,20,60,moving_belt,red,FALSE,TRUE,joint 1 -,FALSE,56:31.1,16.177,0.153,236.8,292.822052,106.5785141,84.95825195,0,20,51,0,-20
32,100,20,60,moving_belt,red,FALSE,TRUE,joint 1 -,FALSE,56:31.8,16.747,0.153,236.8,292.822052,106.5785141,84.95825195,0,20,51,0,-20
32,100,20,60,moving_belt,red,FALSE,TRUE,joint 1 -,FALSE,56:32.6,16.747,0.153,236.8,292.822052,106.5785141,84.95825195,0,20,51,0,-20
32,100,20,60,moving_belt,red,FALSE,TRUE,joint 1 -,FALSE,56:33.9,16.557,0.157,236.8,292.822052,106.5785141,84.95825195,0,20,51,0,-20
32,100,20,60,go_to_pick_down,red,TRUE,FALSE,joint 3 +,FALSE,56:34.6,16.557,0.157,236.8,292.822052,106.5785141,84.95825195,0,20,51,0,-20
32,100,20,60,go_to_pick_down,red,TRUE,FALSE,joint 3 +,FALSE,56:36.0,16.842,0.155,236.8,292.7643433,106.5575104,80.71015167,0,20,51,1.729599953,-20
32,100,20,60,go_to_pick_down,red,TRUE,FALSE,joint 3 +,FALSE,56:36.7,16.12,0.155,236.8,291.5044556,106.0989456,64.70307922,0,20,51,8.079999924,-20
32,100,20,60,go_to_pick_down,red,TRUE,FALSE,joint 3 +,FALSE,56:38.1,16.082,0.152,236.8,287.509552,104.6449203,44.58311844,0,20,51,16.08023071,-20
32,100,20,60,go_to_pick_down,red,TRUE,FALSE,joint 3 +,FALSE,56:38.8,16.082,0.152,236.8,283.8348083,103.3074265,32.80120468,0,20,51,20.84342575,-20
32,100,20,60,go_to_pick_up_from_pick_down,red,TRUE,FALSE,joint 3 -,TRUE,56:40.1,16.329,0.148,236.8,282.8587646,102.952179,30.14237976,0,20,51,21.87520027,-20
32,100,20,60,go_to_pick_up_from_pick_down,red,TRUE,FALSE,joint 3 -,TRUE,56:40.8,16.329,0.148,236.8,285.1638489,103.791153,36.69239044,0,20,51,19.0720005,-20
32,100,20,60,go_to_pick_up_from_pick_down,red,TRUE,FALSE,joint 3 -,TRUE,56:42.2,22.348,0.193,236.8,289.413208,105.3377914,52.50271606,0,20,51,12.58240032,-20
32,100,20,60,go_to_pick_up_from_pick_down,red,TRUE,FALSE,joint 3 -,TRUE,56:42.9,22.329,0.193,236.8,292.4394226,106.4392471,74.02404022,0,20,51,4.149703026,-20
32,100,20,60,go_to_pick_up_from_pick_down,red,TRUE,FALSE,joint 3 -,TRUE,56:43.6,22.329,0.193,236.8,292.8167725,106.5765915,83.6730423,0,20,51,0.461706042,-20
32,100,20,60,go_to_color_detect_up_from_pick_up,red,TRUE,FALSE,joint 1 +,TRUE,56:45.0,22.234,0.204,236.8,292.1920166,108.293869,84.95825195,0.335998535,20.36959839,51,0,-20
32,100,20,60,go_to_color_detect_up_from_pick_up,red,TRUE,FALSE,joint 1 +,TRUE,56:45.7,22.083,0.196,236.8,283.6924744,128.9275055,84.95825195,4.440000534,24.56000137,51,0,-20
32,100,20,60,go_to_color_detect_up_from_pick_up,red,TRUE,FALSE,joint 1 +,TRUE,56:47.1,22.234,0.196,236.8,264.2503967,165.1527863,84.95825195,12.0048027,32.20160294,51,0,-20
32,100,20,60,go_to_color_detect_up_from_pick_up,red,TRUE,FALSE,joint 1 +,TRUE,56:47.8,22.291,0.194,236.8,226.9950562,213.4876556,84.95825195,23.24357605,43.50663376,51,0,-20
32,100,20,60,go_to_color_detect_up_from_pick_up,red,TRUE,FALSE,joint 1 +,TRUE,56:49.2,22.234,0.194,236.8,178.0257263,255.7549133,84.95825195,35.15901566,55.33567047,51,0,-20
32,100,20,60,go_to_color_detect_up_from_pick_up,red,TRUE,FALSE,joint 1 +,TRUE,56:49.9,22.31,0.193,236.8,147.0921326,274.7137146,84.95825195,41.83371735,61.93357468,51,0,-20
32,100,20,60,go_to_color_detect_up_from_pick_up,red,TRUE,FALSE,joint 1 +,TRUE,56:50.6,22.215,0.193,236.8,132.570755,282.0083618,84.95825195,44.82201385,64.84506989,51,0,-20
32,100,20,60,go_to_color_detect_down,red,TRUE,FALSE,joint 3 +,TRUE,56:52.0,22.14,0.192,236.8,131.6844635,282.3982239,82.3722229,45,65,51,1.065600038,-20
32,100,20,60,go_to_color_detect_down,red,TRUE,FALSE,joint 3 +,TRUE,56:52.6,22.14,0.192,236.8,131.3999481,281.7880859,70.67076111,45,65,51,5.711999893,-20
32,100,20,60,go_to_color_detect_down,red,TRUE,FALSE,joint 3 +,TRUE,56:54.0,21.988,0.192,236.8,129.8920898,278.5544739,49.81011581,45,65,51,14.04480171,-20
32,100,20,60,go_to_color_detect_down,red,TRUE,FALSE,joint 3 +,TRUE,56:54.7,21.988,0.2,236.8,125.4166412,268.9568481,20.56613159,45,65,51,26.24365044,-20
32,100,20,60,go_to_color_detect_down,red,TRUE,FALSE,joint 3 +,TRUE,56:56.1,22.007,0.2,236.8,118.5370483,254.2035065,-5.505233765,45,65,51,38.15909195,-20
32,100,20,60,go_to_color_detect_down,red,TRUE,FALSE,joint 3 +,TRUE,56:56.8,21.912,0.2,236.8,113.6253586,243.6703644,-18.68447113,45,65,51,44.93364716,-20
32,100,20,60,go_to_color_detect_down,red,TRUE,FALSE,joint 3 +,TRUE,56:58.2,21.988,0.2,236.8,111.2820053,238.6450043,-23.97809601,45,65,51,47.84514618,-20
32,100,20,60,go_to_color_detect_up_from_color_detect_down,red,TRUE,FALSE,joint 3 -,FALSE,56:58.9,22.102,0.2,236.8,111.944603,240.0659637,-22.53676605,45,65,51,46.93440628,-20
32,100,20,60,go_to_color_detect_up_from_color_detect_down,red,TRUE,FALSE,joint 3 -,FALSE,57:00.2,16.006,0.2,236.8,115.4292526,247.5388184,-14.20663452,45,65,51,42.28800201,-20
32,100,20,60,go_to_color_detect_up_from_color_detect_down,red,TRUE,FALSE,joint 3 -,FALSE,57:00.9,16.177,0.153,236.8,120.9719391,259.4251404,2.403305054,45,65,51,33.9552002,-20
32,100,20,60,go_to_color_detect_up_from_color_detect_down,red,TRUE,FALSE,joint 3 -,FALSE,57:01.6,16.177,0.153,236.8,127.6782837,273.8069458,32.96450806,45,65,51,20.4570694,-20
32,100,20,60,go_to_color_detect_up_from_color_detect_down,red,TRUE,FALSE,joint 3 -,FALSE,57:03.0,16.367,0.155,236.8,130.7124176,280.3136902,58.92925644,45,65,51,10.01916885,-20
32,100,20,60,go_to_color_detect_up_from_color_detect_down,red,TRUE,FALSE,joint 3 -,FALSE,57:03.7,16.386,0.155,236.8,131.5865936,282.1883545,76.31520081,45,65,51,3.267666817,-20
32,100,20,60,go_to_color_detect_up_from_color_detect_down,red,TRUE,FALSE,joint 3 -,FALSE,57:05.1,16.31,0.149,236.8,131.6940155,282.4187317,84.75652313,45,65,51,0.063571557,-20
32,100,20,60,detecting_color,red,FALSE,FALSE,detecting_color,FALSE,57:05.8,16.31,0.149,236.8,131.6940765,282.4188232,84.95825195,45,65,51,0,-20
32,100,20,60,detecting_color,red,FALSE,FALSE,detecting_color,FALSE,57:07.1,16.177,0.149,236.8,131.6940765,282.4188232,84.95825195,45,65,51,0,-20
32,100,20,60,detecting_color,red,FALSE,FALSE,detecting_color,FALSE,57:07.8,16.101,0.153,236.8,131.6940765,282.4188232,84.95825195,45,65,51,0,-20
32,100,20,60,go_to_color_detect_down,red,TRUE,FALSE,joint 3 +,FALSE,57:09.2,16.272,0.153,236.8,131.6939697,282.4186096,84.68732452,45,65,51,0.124800012,-20
32,100,20,60,go_to_color_detect_down,red,TRUE,FALSE,joint 3 +,FALSE,57:09.9,16.101,0.15,236.8,131.6181946,282.256134,77.69533539,45,65,51,2.928000212,-20
32,100,20,60,go_to_color_detect_down,red,TRUE,FALSE,joint 3 +,FALSE,57:10.6,16.101,0.15,236.8,130.6918488,280.2695618,58.66018677,45,65,51,10.48800087,-20
32,100,20,60,go_to_color_detect_down,red,TRUE,FALSE,joint 3 +,FALSE,57:12.0,16.139,0.15,236.8,127.6198349,273.6816101,32.60021973,45,65,51,21.12480164,-20
32,100,20,60,go_to_color_detect_down,red,TRUE,FALSE,joint 3 +,FALSE,57:12.7,16.101,0.15,236.8,121.6688843,260.9197388,4.886787415,45,65,51,33.22268295,-20
32,100,20,60,go_to_color_detect_down,red,TRUE,FALSE,joint 3 +,FALSE,57:14.1,16.177,0.153,236.8,115.3719788,247.4159851,-14.35477448,45,65,51,42.63252258,-20
32,100,20,60,go_to_color_detect_down,red,TRUE,FALSE,joint 3 +,FALSE,57:14.8,15.987,0.153,236.8,111.918457,240.0098877,-22.59442139,45,65,51,47.08002472,-20
32,100,20,60,go_to_color_detect_up_from_color_detect_down,red,TRUE,FALSE,joint 3 -,TRUE,57:16.2,16.177,0.154,236.8,111.1968307,238.4623566,-24.16036224,45,65,51,47.91200256,-20
32,100,20,60,go_to_color_detect_up_from_color_detect_down,red,TRUE,FALSE,joint 3 -,TRUE,57:16.9,16.177,0.154,236.8,113.6707306,243.7676697,-18.57637024,45,65,51,44.67200089,-20
32,100,20,60,go_to_color_detect_up_from_color_detect_down,red,TRUE,FALSE,joint 3 -,TRUE,57:18.2,22.121,0.154,236.8,118.4879227,254.0981598,-5.653938293,45,65,51,37.87520599,-20
32,100,20,60,go_to_color_detect_up_from_color_detect_down,red,TRUE,FALSE,joint 3 -,TRUE,57:18.9,22.234,0.204,236.8,124.6003418,267.2062988,16.74462128,45,65,51,27.3920002,-20
32,100,20,60,go_to_color_detect_up_from_color_detect_down,red,TRUE,FALSE,joint 3 -,TRUE,57:19.6,22.31,0.204,236.8,129.8138733,278.3867493,49.06684875,45,65,51,13.92029476,-20
32,100,20,60,go_to_color_detect_up_from_color_detect_down,red,TRUE,FALSE,joint 3 -,TRUE,57:21.0,22.291,0.194,236.8,131.3795471,281.7443237,70.18504333,45,65,51,5.632792473,-20
32,100,20,60,go_to_color_detect_up_from_color_detect_down,red,TRUE,FALSE,joint 3 -,TRUE,57:21.7,22.348,0.194,236.8,131.6828461,282.3947449,82.16201782,45,65,51,1.031690955,-20
32,100,20,60,go_to_green_up,green,TRUE,FALSE,joint 1 +,TRUE,57:23.1,22.083,0.193,236.8,130.8654022,282.803772,84.95825195,45.16799927,65.19200134,51,0,-20
32,100,20,60,go_to_green_up,green,TRUE,FALSE,joint 1 +,TRUE,57:23.8,21.931,0.193,236.8,116.1033707,289.1777039,84.95825195,48.12478638,68.22558594,51,0,-20
32,100,20,60,go_to_green_up,green,TRUE,FALSE,joint 1 +,TRUE,57:25.1,22.083,0.203,236.8,81.86995697,300.6676636,84.95825195,54.76799774,74.94559479,51,0,-20
32,100,20,60,go_to_green_up,green,TRUE,FALSE,joint 1 +,TRUE,57:25.8,22.083,0.203,236.8,18.57309532,311.06073,84.95825195,66.58298492,86.82495117,51,0,-20
32,100,20,60,go_to_green_up,green,TRUE,FALSE,joint 1 +,TRUE,57:27.2,22.158,0.194,236.8,-34.69470978,309.6772766,84.95825195,76.39247131,96.55763245,51,0,-20
32,100,20,60,go_to_green_up,green,TRUE,FALSE,joint 1 +,TRUE,57:27.9,22.045,0.194,236.8,-67.52849579,304.2098389,84.95825195,82.51557159,102.6039352,51,0,-20
32,100,20,60,go_to_green_up,green,TRUE,FALSE,joint 1 +,TRUE,57:28.6,22.045,0.194,236.8,-80.63954926,301,84.95825195,84.99765778,104.9996185,51,0,-20
32,100,20,60,go_to_pick_up_from_green,green,TRUE,FALSE,joint 1 -,FALSE,57:30.0,20.222,0.202,236.8,-73.03694916,302.9345398,84.95825195,83.5552063,103.4864044,51,0,-20
32,100,20,60,go_to_pick_up_from_green,green,TRUE,FALSE,joint 1 -,FALSE,57:30.7,20.222,0.202,236.8,-45.77995682,308.233551,84.95825195,78.44801331,98.30241394,51,0,-20
32,100,20,60,go_to_pick_up_from_green,green,TRUE,FALSE,joint 1 -,FALSE,57:32.1,16.082,0.154,236.8,9.266182899,311.4769287,84.95825195,68.29599762,88.06399536,51,0,-20
32,100,20,60,go_to_pick_up_from_green,green,TRUE,FALSE,joint 1 -,FALSE,57:32.8,16.215,0.154,236.8,78.78427887,301.4909363,84.95825195,55.35520172,75.04640198,51,0,-20
32,100,20,60,go_to_pick_up_from_green,green,TRUE,FALSE,joint 1 -,FALSE,57:34.2,16.31,0.153,236.8,161.0135193,266.7927551,84.95825195,38.88837814,58.5364151,51,0,-20
32,100,20,60,go_to_pick_up_from_green,green,TRUE,FALSE,joint 1 -,FALSE,57:34.9,16.158,0.153,236.8,230.9480591,209.2049866,84.95825195,22.17194748,41.90638351,51,0,-20
32,100,20,60,go_to_pick_up_from_green,green,TRUE,FALSE,joint 1 -,FALSE,57:35.6,16.158,0.154,236.8,266.4603882,161.562973,84.95825195,11.22969818,31.04093552,51,0,-20
32,100,20,60,go_to_pick_up_from_green,green,TRUE,FALSE,joint 1 -,FALSE,57:37.0,16.158,0.154,236.8,284.7320251,126.6151733,84.95825195,3.973846436,23.86188316,51,0,-20
32,100,20,60,go_to_pick_up_from_green,green,TRUE,FALSE,joint 1 -,FALSE,57:37.7,16.215,0.154,236.8,292.4155273,107.6888885,84.95825195,0.217414856,20.19185066,51,0,-20
32,100,20,60,moving_belt,green,FALSE,TRUE,joint 1 -,FALSE,57:39.0,16.272,0.154,236.8,292.822052,106.5785141,84.95825195,0,20,51,0,-20
32,100,20,60,moving_belt,green,FALSE,TRUE,joint 1 -,FALSE,57:39.7,16.272,0.154,236.8,292.822052,106.5785141,84.95825195,0,20,51,0,-20
32,100,20,60,moving_belt,green,FALSE,TRUE,joint 1 -,FALSE,57:41.1,16.557,0.152,236.8,292.822052,106.5785141,84.95825195,0,20,51,0,-20
32,100,20,60,moving_belt,green,FALSE,TRUE,joint 1 -,FALSE,57:41.8,16.557,0.152,236.8,292.822052,106.5785141,84.95825195,0,20,51,0,-20
32,100,20,60,go_to_pick_down,green,TRUE,FALSE,joint 3 +,FALSE,57:43.2,16.576,0.154,236.8,292.822052,106.5785141,84.91719818,0,20,51,0.023999998,-20
32,100,20,60,go_to_pick_down,green,TRUE,FALSE,joint 3 +,FALSE,57:43.9,16.348,0.154,236.8,292.6643982,106.5211411,77.9372406,0,20,51,2.832000017,-20
32,100,20,60,go_to_pick_down,green,TRUE,FALSE,joint 3 +,FALSE,57:44.6,16.348,0.149,236.8,291.0935364,105.9493866,61.77589798,0,20,51,9.244799614,-20
32,100,20,60,go_to_pick_down,green,TRUE,FALSE,joint 3 +,FALSE,57:46.0,16.101,0.149,236.8,286.872467,104.4130402,42.28092957,0,20,51,17.0044632,-20
32,100,20,60,go_to_pick_down,green,TRUE,FALSE,joint 3 +,FALSE,57:46.7,16.101,0.149,236.8,283.2471924,103.093544,31.18230438,0,20,51,21.49905777,-20
32,100,20,60,go_to_pick_up_from_pick_down,green,TRUE,FALSE,joint 3 -,TRUE,57:48.1,16.158,0.153,236.8,283.0092468,103.0069427,30.54255295,0,20,51,21.69600105,-20
32,100,20,60,go_to_pick_up_from_pick_down,green,TRUE,FALSE,joint 3 -,TRUE,57:48.8,20.013,0.153,236.8,286.2130127,104.1730194,40.03276825,0,20,51,17.67840004,-20
32,100,20,60,go_to_pick_up_from_pick_down,green,TRUE,FALSE,joint 3 -,TRUE,57:50.2,22.083,0.199,236.8,290.5523987,105.7524261,58.42016602,0,20,51,10.21906757,-20
32,100,20,60,go_to_pick_up_from_pick_down,green,TRUE,FALSE,joint 3 -,TRUE,57:50.8,22.083,0.199,236.8,292.5663147,106.4854279,76.01714325,0,20,51,3.382270098,-20
32,100,20,60,go_to_pick_up_from_pick_down,green,TRUE,FALSE,joint 3 -,TRUE,57:52.3,22.121,0.193,236.8,292.8209229,106.5781097,84.36334991,0,20,51,0.205439806,-20
32,100,20,60,go_to_color_detect_up_from_pick_up,green,TRUE,FALSE,joint 1 +,TRUE,57:52.9,22.14,0.193,236.8,291.1165161,111.1526184,84.95825195,0.897600174,20.95199966,51,0,-20
32,100,20,60,go_to_color_detect_up_from_pick_up,green,TRUE,FALSE,joint 1 +,TRUE,57:53.6,22.14,0.202,236.8,281.6938171,133.237854,84.95825195,5.31360054,25.44480133,51,0,-20
32,100,20,60,go_to_color_detect_up_from_pick_up,green,TRUE,FALSE,joint 1 +,TRUE,57:55.0,22.14,0.202,236.8,256.2293091,177.3422241,84.95825195,14.68800354,34.90560532,51,0,-20
32,100,20,60,go_to_color_detect_up_from_pick_up,green,TRUE,FALSE,joint 1 +,TRUE,57:55.7,22.121,0.202,236.8,214.3494568,226.1814575,84.95825195,26.53850555,46.78076172,51,0,-20
32,100,20,60,go_to_color_detect_up_from_pick_up,green,TRUE,FALSE,joint 1 +,TRUE,57:57.1,22.121,0.202,236.8,171.8670959,259.9335022,84.95825195,36.52746582,56.69132233,51,0,-20
32,100,20,60,go_to_color_detect_up_from_pick_up,green,TRUE,FALSE,joint 1 +,TRUE,57:57.8,22.102,0.203,236.8,143.8919525,276.4033813,84.95825195,42.49911118,62.58776855,51,0,-20
32,100,20,60,go_to_color_detect_up_from_pick_up,green,TRUE,FALSE,joint 1 +,TRUE,57:58.6,22.177,0.203,236.8,131.6980133,282.4169922,84.95825195,44.99919891,64.99985504,51,0,-20
32,100,20,60,go_to_color_detect_down,green,TRUE,FALSE,joint 3 +,TRUE,58:00.0,22.102,0.202,236.8,131.6724091,282.3723755,81.07536316,45,65,51,1.584000111,-20
32,100,20,60,go_to_color_detect_down,green,TRUE,FALSE,joint 3 +,TRUE,58:00.7,21.855,0.202,236.8,131.1476593,281.2470398,65.50435638,45,65,51,7.761600018,-20
32,100,20,60,go_to_color_detect_down,green,TRUE,FALSE,joint 3 +,TRUE,58:02.1,21.931,0.2,236.8,128.9997711,276.6408691,42.13665771,45,65,51,17.16960144,-20
32,100,20,60,go_to_color_detect_down,green,TRUE,FALSE,joint 3 +,TRUE,58:02.8,21.931,0.2,236.8,123.7491913,265.3809814,13.03082275,45,65,51,29.53858376,-20
32,100,20,60,go_to_color_detect_down,green,TRUE,FALSE,joint 3 +,TRUE,58:04.2,21.931,0.2,236.8,117.0385666,250.9899902,-9.871841431,45,65,51,40.33082581,-20
32,100,20,60,go_to_color_detect_down,green,TRUE,FALSE,joint 3 +,TRUE,58:04.9,21.931,0.2,236.8,112.7820816,241.8619537,-20.65354919,45,65,51,46.00712204,-20
32,100,20,60,go_to_color_detect_up_from_color_detect_down,green,TRUE,FALSE,joint 3 -,FALSE,58:05.6,21.836,0.2,236.8,111.1443634,238.3498383,-24.27230072,45,65,51,47.99702072,-20
32,100,20,60,go_to_color_detect_up_from_color_detect_down,green,TRUE,FALSE,joint 3 -,FALSE,58:07.0,19.329,0.2,236.8,112.632309,241.5407562,-20.99550629,45,65,51,46.04000473,-20
32,100,20,60,go_to_color_detect_up_from_color_detect_down,green,TRUE,FALSE,joint 3 -,FALSE,58:07.7,19.329,0.2,236.8,116.7738113,250.422226,-10.60890961,45,65,51,40.39520264,-20
32,100,20,60,go_to_color_detect_up_from_color_detect_down,green,TRUE,FALSE,joint 3 -,FALSE,58:09.1,16.234,0.153,235,122.6545944,263.0336304,8.597709656,45,65,51,31.06400108,-20
32,100,20,60,go_to_color_detect_up_from_color_detect_down,green,TRUE,FALSE,joint 3 -,FALSE,58:09.8,16.557,0.153,235,128.8181,276.2512817,40.74961853,45,65,51,17.26613808,-20
32,100,20,60,go_to_color_detect_up_from_color_detect_down,green,TRUE,FALSE,joint 3 -,FALSE,58:11.2,16.424,0.154,236.8,131.0916443,281.1269226,64.5361557,45,65,51,7.826636314,-20
32,100,20,60,go_to_color_detect_up_from_color_detect_down,green,TRUE,FALSE,joint 3 -,FALSE,58:11.8,16.348,0.154,236.8,131.6501007,282.3245544,79.42858887,45,65,51,2.073534966,-20
32,100,20,60,detecting_color,green,FALSE,FALSE,detecting_color,FALSE,58:13.3,16.291,0.154,236.8,131.6940765,282.4188232,84.95825195,45,65,51,0,-20
32,100,20,60,detecting_color,green,FALSE,FALSE,detecting_color,FALSE,58:14.0,16.291,0.154,236.8,131.6940765,282.4188232,84.95825195,45,65,51,0,-20
32,100,20,60,go_to_color_detect_down,green,TRUE,FALSE,joint 3 +,FALSE,58:14.6,16.234,0.154,236.8,131.6933594,282.4173279,84.25629425,45,65,51,0.30400005,-20
32,100,20,60,go_to_color_detect_down,green,TRUE,FALSE,joint 3 +,FALSE,58:16.0,16.215,0.15,236.8,131.5268555,282.0602417,74.17995453,45,65,51,4.32159996,-20
32,100,20,60,go_to_color_detect_down,green,TRUE,FALSE,joint 3 +,FALSE,58:16.7,16.215,0.15,236.8,130.4217072,279.6902161,55.35958481,45,65,51,11.80960083,-20
32,100,20,60,go_to_color_detect_down,green,TRUE,FALSE,joint 3 +,FALSE,58:18.1,16.215,0.148,236.8,126.1643448,270.5603027,24.3313179,45,65,51,24.63171196,-20
32,100,20,60,go_to_color_detect_down,green,TRUE,FALSE,joint 3 +,FALSE,58:18.8,16.215,0.148,236.8,120.0090561,257.3602295,-0.857635498,45,65,51,35.91441345,-20
32,100,20,60,go_to_color_detect_down,green,TRUE,FALSE,joint 3 +,FALSE,58:20.3,16.215,0.148,236.8,114.7149658,246.007019,-16.02508545,45,65,51,43.51071548,-20
32,100,20,60,go_to_color_detect_down,green,TRUE,FALSE,joint 3 +,FALSE,58:20.9,16.234,0.148,236.8,111.4474106,238.9997253,-23.62220001,45,65,51,47.65015411,-20
32,100,20,60,go_to_color_detect_up_from_color_detect_down,green,TRUE,FALSE,joint 3 -,TRUE,58:21.6,16.234,0.149,236.8,111.4357986,238.9748383,-23.64726257,45,65,51,47.5952034,-20
32,100,20,60,go_to_color_detect_up_from_color_detect_down,green,TRUE,FALSE,joint 3 -,TRUE,58:23.0,22.747,0.149,236.8,114.1555328,244.807312,-17.40724182,45,65,51,44.02400208,-20
32,100,20,60,go_to_color_detect_up_from_color_detect_down,green,TRUE,FALSE,joint 3 -,TRUE,58:23.7,21.988,0.199,236.8,119.8323364,256.9812622,-1.436225891,45,65,51,35.79840088,-20
32,100,20,60,go_to_color_detect_up_from_color_detect_down,green,TRUE,FALSE,joint 3 -,TRUE,58:25.1,22.177,0.199,236.8,125.9901962,270.1868286,23.42924881,45,65,51,24.47040176,-20
32,100,20,60,go_to_color_detect_up_from_color_detect_down,green,TRUE,FALSE,joint 3 -,TRUE,58:25.8,22.14,0.202,236.8,130.0800629,278.9575806,51.66832352,45,65,51,12.88501263,-20
32,100,20,60,go_to_color_detect_up_from_color_detect_down,green,TRUE,FALSE,joint 3 -,TRUE,58:27.2,22.215,0.202,236.8,131.513443,282.0314941,73.75671387,45,65,51,4.252773285,-20
32,100,20,60,go_to_color_detect_up_from_color_detect_down,green,TRUE,FALSE,joint 3 -,TRUE,58:27.8,22.007,0.2,236.8,131.6913452,282.4129944,83.5802002,45,65,51,0.496471703,-20
32,100,20,60,go_to_blue_up,blue,TRUE,FALSE,joint 1 +,TRUE,58:29.2,22.064,0.2,236.8,130.0356445,283.1862488,84.95825195,45.33599854,65.36959839,51,0,-20
32,100,20,60,go_to_blue_up,blue,TRUE,FALSE,joint 1 +,TRUE,58:29.9,22.064,0.199,236.8,109.4354782,291.7663574,84.95825195,49.43997955,69.5599823,51,0,-20
32,100,20,60,go_to_blue_up,blue,TRUE,FALSE,joint 1 +,TRUE,58:31.3,22.026,0.199,236.8,71.04168701,303.4086609,84.95825195,56.8218689,76.98284149,51,0,-20
32,100,20,60,go_to_blue_up,blue,TRUE,FALSE,joint 1 +,TRUE,58:32.0,22.083,0.2,236.8,39.35963821,309.118988,84.95825195,62.74365997,82.82782745,51,0,-20
32,100,20,60,go_to_blue_up,blue,TRUE,FALSE,joint 1 +,FALSE,58:32.7,22.083,0.2,236.8,27.15902901,310.4289246,84.95825195,65,85,51,0,-20
32,100,20,60,go_to_pick_up_from_blue,blue,TRUE,FALSE,joint 1 -,FALSE,58:34.1,19.291,0.2,236.8,35.72962189,309.5595703,84.95825195,63.416008,83.3440094,51,0,-20
32,100,20,60,go_to_pick_up_from_blue,blue,TRUE,FALSE,joint 1 -,FALSE,58:34.8,19.291,0.154,236.8,63.96236801,304.9796143,84.95825195,58.1552124,78.00640869,51,0,-20
32,100,20,60,go_to_pick_up_from_blue,blue,TRUE,FALSE,joint 1 -,FALSE,58:36.2,16.291,0.154,236.8,117.5876389,288.5773315,84.95825195,47.83039856,67.59519958,51,0,-20
32,100,20,60,go_to_pick_up_from_blue,blue,TRUE,FALSE,joint 1 -,FALSE,58:36.9,16.386,0.153,236.8,179.9090729,254.4335785,84.95825195,34.73600388,54.4240036,51,0,-20
32,100,20,60,go_to_pick_up_from_blue,blue,TRUE,FALSE,joint 1 -,FALSE,58:38.3,16.31,0.153,236.8,236.4677277,202.9451904,84.95825195,20.63739014,40.38121033,51,0,-20
32,100,20,60,go_to_pick_up_from_blue,blue,TRUE,FALSE,joint 1 -,FALSE,58:39.0,16.158,0.154,236.8,272.2981567,151.5171356,84.95825195,9.093240738,28.92346001,51,0,-20
32,100,20,60,go_to_pick_up_from_blue,blue,TRUE,FALSE,joint 1 -,FALSE,58:39.7,16.158,0.154,236.8,287.3743896,120.4976501,84.95825195,2.748569489,22.65558815,51,0,-20
32,100,20,60,go_to_pick_up_from_blue,blue,TRUE,FALSE,joint 1 -,FALSE,58:41.1,16.177,0.149,236.8,292.653717,107.0398712,84.95825195,0.090299606,20.07411957,51,0,-20
32,100,20,60,moving_belt,blue,FALSE,TRUE,joint 1 -,FALSE,58:41.8,16.253,0.149,236.8,292.822052,106.5785141,84.95825195,0,20,51,0,-20
32,100,20,60,moving_belt,blue,FALSE,TRUE,joint 1 -,FALSE,58:43.1,16.614,0.149,236.8,292.822052,106.5785141,84.95825195,0,20,51,0,-20
32,100,20,60,moving_belt,blue,FALSE,TRUE,joint 1 -,FALSE,58:43.8,16.31,0.153,236.8,292.822052,106.5785141,84.95825195,0,20,51,0,-20
32,100,20,60,moving_belt,blue,FALSE,TRUE,joint 1 -,FALSE,58:45.2,16.519,0.153,236.8,292.822052,106.5785141,84.95825195,0,20,51,0,-20
32,100,20,60,go_to_pick_down,blue,TRUE,FALSE,joint 3 +,FALSE,58:45.9,16.519,0.155,236.8,292.8210754,106.5781555,84.39997101,0,20,51,0.244799986,-20
32,100,20,60,go_to_pick_down,blue,TRUE,FALSE,joint 3 +,FALSE,58:47.3,16.462,0.155,236.8,292.6032104,106.4988632,76.68691254,0,20,51,3.328000069,-20
32,100,20,60,go_to_pick_down,blue,TRUE,FALSE,joint 3 +,FALSE,58:48.0,16.253,0.153,236.8,290.2634583,105.6472702,56.79650879,0,20,51,11.23123264,-20
32,100,20,60,go_to_pick_down,blue,TRUE,FALSE,joint 3 +,FALSE,58:48.7,16.253,0.153,236.8,285.9198914,104.06633,39.07233047,0,20,51,18.29842758,-20
32,100,20,60,go_to_pick_down,blue,TRUE,FALSE,joint 3 +,FALSE,58:50.1,16.082,0.149,236.8,283.0805359,103.0328903,30.73329163,0,20,51,21.67922592,-20
32,100,20,60,go_to_pick_up_from_pick_down,blue,TRUE,FALSE,joint 3 -,TRUE,58:51.0,16.082,0.149,236.8,283.4247437,103.1581726,31.66551208,0,20,51,21.20639992,-20
32,100,20,60,go_to_pick_up_from_pick_down,blue,TRUE,FALSE,joint 3 -,TRUE,58:51.7,19.367,0.149,236.8,286.7365112,104.3635559,41.80691147,0,20,51,16.94400024,-20
32,100,20,60,go_to_pick_up_from_pick_down,blue,TRUE,FALSE,joint 3 -,TRUE,58:53.0,22.196,0.195,236.8,290.9927673,105.9127045,61.11412811,0,20,51,9.162867546,-20
32,100,20,60,go_to_pick_up_from_pick_down,blue,TRUE,FALSE,joint 3 -,TRUE,58:53.7,22.196,0.195,236.8,292.7073975,106.5367813,78.96990967,0,20,51,2.249070644,-20
32,100,20,60,go_to_pick_up_from_pick_down,blue,TRUE,FALSE,joint 3 -,TRUE,58:55.1,22.177,0.202,236.8,292.822052,106.5785141,84.88357544,0,20,51,0.020273855,-20
32,100,20,60,go_to_color_detect_up_from_pick_up,blue,TRUE,FALSE,joint 1 +,TRUE,58:55.8,22.007,0.202,236.8,290.3049927,113.2552338,84.95825195,1.312000275,21.37759972,51,0,-20
32,100,20,60,go_to_color_detect_up_from_pick_up,blue,TRUE,FALSE,joint 1 +,TRUE,58:57.2,22.234,0.2,236.8,277.2943115,142.1674805,84.95825195,7.1439991,27.29599953,51,0,-20
32,100,20,60,go_to_color_detect_up_from_pick_up,blue,TRUE,FALSE,joint 1 +,TRUE,58:57.9,22.102,0.2,236.8,251.3166962,184.2380066,84.95825195,16.24480438,36.47360611,51,0,-20
32,100,20,60,go_to_color_detect_up_from_pick_up,blue,TRUE,FALSE,joint 1 +,TRUE,58:59.3,22.045,0.202,236.8,207.6984863,232.3038635,84.95825195,28.20069885,48.43175507,51,0,-20
32,100,20,60,go_to_color_detect_up_from_pick_up,blue,TRUE,FALSE,joint 1 +,TRUE,58:59.9,22.177,0.202,236.8,163.3366241,265.3768616,84.95825195,38.38814545,58.53280258,51,0,-20
32,100,20,60,go_to_color_detect_up_from_pick_up,blue,TRUE,FALSE,joint 1 +,TRUE,59:00.6,22.102,0.2,236.8,138.9111328,278.9398193,84.95825195,43.52684402,63.59469986,51,0,-20
32,100,20,60,go_to_color_detect_down,blue,TRUE,FALSE,joint 3 +,TRUE,59:02.0,22.215,0.2,236.8,131.6940765,282.4188232,84.94593811,45,65,51,0.0096,-20
32,100,20,60,go_to_color_detect_down,blue,TRUE,FALSE,joint 3 +,TRUE,59:02.7,22.064,0.2,236.8,131.6323853,282.2865295,78.40881348,45,65,51,2.644800425,-20
32,100,20,60,go_to_color_detect_down,blue,TRUE,FALSE,joint 3 +,TRUE,59:04.1,21.836,0.2,236.8,130.9733429,280.87323,62.63161469,45,65,51,8.904000282,-20
32,100,20,60,go_to_color_detect_down,blue,TRUE,FALSE,joint 3 +,TRUE,59:04.8,21.836,0.198,236.8,128.447525,275.456604,38.05955505,45,65,51,18.84960175,-20
32,100,20,60,go_to_color_detect_down,blue,TRUE,FALSE,joint 3 +,TRUE,59:06.2,22.045,0.198,236.8,122.0577621,261.7536926,6.321609497,45,65,51,32.56311417,-20
32,100,20,60,go_to_color_detect_down,blue,TRUE,FALSE,joint 3 +,TRUE,59:06.9,21.779,0.19,236.8,116.2828979,249.3694611,-11.95008087,45,65,51,41.38821793,-20
32,100,20,60,go_to_color_detect_down,blue,TRUE,FALSE,joint 3 +,TRUE,59:08.3,22.026,0.19,236.8,112.3665848,240.9709015,-21.59662628,45,65,51,46.5269165,-20
32,100,20,60,go_to_color_detect_up_from_color_detect_down,blue,TRUE,FALSE,joint 3 -,FALSE,59:09.0,21.969,0.191,236.8,111.1659164,238.3960571,-24.22634125,45,65,51,47.9552002,-20
32,100,20,60,go_to_color_detect_up_from_color_detect_down,blue,TRUE,FALSE,joint 3 -,FALSE,59:09.7,20.45,0.191,236.8,113.0852356,242.5120544,-19.9542923,45,65,51,45.4464035,-20
32,100,20,60,go_to_color_detect_up_from_color_detect_down,blue,TRUE,FALSE,joint 3 -,FALSE,59:11.1,16.234,0.191,236.8,117.554245,252.0958862,-8.407402039,45,65,51,39.26400375,-20
32,100,20,60,go_to_color_detect_up_from_color_detect_down,blue,TRUE,FALSE,joint 3 -,FALSE,59:11.7,16.234,0.152,236.8,123.5658798,264.9878845,12.26314545,45,65,51,29.39520073,-20
32,100,20,60,go_to_color_detect_up_from_color_detect_down,blue,TRUE,FALSE,joint 3 -,FALSE,59:13.1,16.253,0.152,236.8,129.3218384,277.331543,44.72424316,45,65,51,15.65994453,-20
32,100,20,60,go_to_color_detect_up_from_color_detect_down,blue,TRUE,FALSE,joint 3 -,FALSE,59:13.8,16.31,0.154,236.8,131.2433624,281.452301,67.28311157,45,65,51,6.758042812,-20
32,100,20,60,go_to_color_detect_up_from_color_detect_down,blue,TRUE,FALSE,joint 3 -,FALSE,59:15.2,16.386,0.154,236.8,131.6694336,282.3659973,80.81890106,45,65,51,1.542541146,-20
32,100,20,60,detecting_color,blue,FALSE,FALSE,detecting_color,FALSE,59:15.9,16.196,0.152,236.8,131.6940765,282.4188232,84.95825195,45,65,51,0,-20
32,100,20,60,detecting_color,blue,FALSE,FALSE,detecting_color,FALSE,59:17.3,16.253,0.152,236.8,131.6940765,282.4188232,84.95825195,45,65,51,0,-20
32,100,20,60,go_to_color_detect_down,blue,TRUE,FALSE,joint 3 +,FALSE,59:18.2,16.253,0.152,236.8,131.6844635,282.3982239,82.3722229,45,65,51,1.065600038,-20
32,100,20,60,go_to_color_detect_down,blue,TRUE,FALSE,joint 3 +,FALSE,59:18.9,16.196,0.152,236.8,131.3999481,281.7880859,70.67076111,45,65,51,5.711999893,-20
32,100,20,60,go_to_color_detect_down,blue,TRUE,FALSE,joint 3 +,FALSE,59:20.3,16.196,0.152,236.8,129.8920898,278.5544739,49.81011581,45,65,51,14.04480171,-20
32,100,20,60,go_to_color_detect_down,blue,TRUE,FALSE,joint 3 +,FALSE,59:21.0,16.063,0.152,236.8,124.7812576,267.5942383,17.5680542,45,65,51,27.54293251,-20
32,100,20,60,go_to_color_detect_down,blue,TRUE,FALSE,joint 3 +,FALSE,59:21.7,16.063,0.152,236.8,118.7771683,254.7184448,-4.772758484,45,65,51,37.80097961,-20
32,100,20,60,go_to_color_detect_down,blue,TRUE,FALSE,joint 3 +,FALSE,59:23.1,16.044,0.152,236.8,113.7814331,244.0050507,-18.31171417,45,65,51,44.73233414,-20
32,100,20,60,go_to_color_detect_down,blue,TRUE,FALSE,joint 3 +,FALSE,59:23.8,16.082,0.152,236.8,111.2155685,238.5025482,-24.12030792,45,65,51,47.92137146,-20
32,100,20,60,go_to_color_detect_up_from_color_detect_down,blue,TRUE,FALSE,joint 3 -,TRUE,59:25.1,16.044,0.153,236.8,111.8569717,239.8780518,-22.72976685,45,65,51,47.04800415,-20
32,100,20,60,go_to_color_detect_up_from_color_detect_down,blue,TRUE,FALSE,joint 3 -,TRUE,59:25.8,22.5,0.153,236.8,115.2356644,247.1236725,-14.70558167,45,65,51,42.55520248,-20
32,100,20,60,go_to_color_detect_up_from_color_detect_down,blue,TRUE,FALSE,joint 3 -,TRUE,59:27.2,22.026,0.2,236.8,121.4864731,260.5285645,4.226165771,45,65,51,33.0943985,-20
32,100,20,60,go_to_color_detect_up_from_color_detect_down,blue,TRUE,FALSE,joint 3 -,TRUE,59:27.9,22.121,0.2,236.8,127.4772034,273.3757324,31.72328568,45,65,51,20.97198296,-20
32,100,20,60,go_to_color_detect_up_from_color_detect_down,blue,TRUE,FALSE,joint 3 -,TRUE,59:29.3,22.215,0.2,236.8,130.6412048,280.1609497,58.00936127,45,65,51,10.38048172,-20
32,100,20,60,go_to_color_detect_up_from_color_detect_down,blue,TRUE,FALSE,joint 3 -,TRUE,59:30.0,22.215,0.2,236.8,131.6107483,282.2401428,77.34660339,45,65,51,2.871441603,-20
32,100,20,60,go_to_color_detect_up_from_color_detect_down,blue,TRUE,FALSE,joint 3 -,TRUE,59:30.7,22.102,0.2,236.8,131.6939087,282.4184875,84.61600494,45,65,51,0.113540351,-20
32,100,20,60,go_to_red_up,red,TRUE,FALSE,joint 1 +,TRUE,59:32.1,21.874,0.199,236.8,127.5158081,284.329834,84.95825195,45.84479523,65.89759827,51,0,-20
32,100,20,60,go_to_red_up,red,TRUE,FALSE,joint 1 +,TRUE,59:32.7,21.874,0.199,236.8,101.5259705,294.611969,84.95825195,50.98558044,71.12477875,51,0,-20
32,100,20,60,go_to_red_up,red,TRUE,FALSE,joint 1 +,TRUE,59:34.1,22.045,0.2,236.8,56.93701553,306.368927,84.95825195,59.47199249,79.68799591,51,0,-20
32,100,20,60,go_to_red_up,red,TRUE,FALSE,joint 1 +,TRUE,59:34.8,22.14,0.2,236.8,-8.944354057,311.4863281,84.95825195,71.64479065,91.93759155,51,0,-20
32,100,20,60,go_to_red_up,red,TRUE,FALSE,joint 1 +,TRUE,59:36.2,22.045,0.2,236.8,-90.10677338,298.3027039,84.95825195,86.80771637,107.0481949,51,0,-20
32,100,20,60,go_to_red_up,red,TRUE,FALSE,joint 1 +,TRUE,59:36.9,22.045,0.2,236.8,-139.2648773,278.7633972,84.95825195,96.5458374,116.7095184,51,0,-20
32,100,20,60,go_to_red_up,red,TRUE,FALSE,joint 1 +,TRUE,59:38.3,22.121,0.192,236.8,-167.8776855,262.5277405,84.95825195,102.5975494,122.6844254,51,0,-20
32,100,20,60,go_to_red_up,red,TRUE,FALSE,joint 1 +,TRUE,59:39.0,22.253,0.192,236.8,-178.7317657,255.2619934,84.95825195,104.9993134,124.999794,51,0,-20
32,100,20,60,go_to_pick_up_from_red,red,TRUE,FALSE,joint 1 -,FALSE,59:39.7,22.14,0.192,236.8,-171.9300232,259.8918762,84.95825195,103.4864044,123.416008,51,0,-20
32,100,20,60,go_to_pick_up_from_red,red,TRUE,FALSE,joint 1 -,FALSE,59:41.1,16.177,0.192,236.8,-147.7444916,274.3634338,84.95825195,98.30242157,118.15522,51,0,-20
32,100,20,60,go_to_pick_up_from_red,red,TRUE,FALSE,joint 1 -,FALSE,59:41.8,16.196,0.149,236.8,-96.62522888,296.2554626,84.95825195,88.06400299,107.8304062,51,0,-20
32,100,20,60,go_to_pick_up_from_red,red,TRUE,FALSE,joint 1 -,FALSE,59:43.1,16.12,0.149,236.8,-27.41043091,310.4068298,84.95825195,75.04640961,94.73600769,51,0,-20
32,100,20,60,go_to_pick_up_from_red,red,TRUE,FALSE,joint 1 -,FALSE,59:43.8,16.12,0.149,236.8,62.96553421,305.1869507,84.95825195,58.34243011,77.95523071,51,0,-20
32,100,20,60,go_to_pick_up_from_red,red,TRUE,FALSE,joint 1 -,FALSE,59:45.2,16.291,0.15,236.8,166.8872986,263.1584167,84.95825195,37.61833572,57.27217865,51,0,-20
32,100,20,60,go_to_pick_up_from_red,red,TRUE,FALSE,joint 1 -,FALSE,59:46.0,16.253,0.15,236.8,228.6127777,211.7543945,84.95825195,22.80764008,42.5382843,51,0,-20
32,100,20,60,go_to_pick_up_from_red,red,TRUE,FALSE,joint 1 -,FALSE,59:46.7,16.253,0.15,236.8,268.3526306,158.400116,84.95825195,10.5520153,30.36905861,51,0,-20
32,100,20,60,go_to_pick_up_from_red,red,TRUE,FALSE,joint 1 -,FALSE,59:48.0,16.272,0.15,236.8,285.6066895,124.6296539,84.95825195,3.574922562,23.46876717,51,0,-20
32,100,20,60,go_to_pick_up_from_red,red,TRUE,FALSE,joint 1 -,FALSE,59:48.7,16.272,0.149,236.8,292.2897339,108.0298157,84.95825195,0.284229279,20.25487328,51,0,-20
32,100,20,60,moving_belt,red,FALSE,TRUE,joint 1 -,FALSE,59:50.1,16.253,0.149,236.8,292.822052,106.5785141,84.95825195,0,20,51,0,-20
32,100,20,60,moving_belt,red,FALSE,TRUE,joint 1 -,FALSE,59:50.8,16.747,0.155,236.8,292.822052,106.5785141,84.95825195,0,20,51,0,-20
32,100,20,60,moving_belt,red,FALSE,TRUE,joint 1 -,FALSE,59:52.2,16.348,0.155,236.8,292.822052,106.5785141,84.95825195,0,20,51,0,-20
32,100,20,60,moving_belt,red,FALSE,TRUE,joint 1 -,FALSE,59:53.2,16.291,0.151,236.8,292.822052,106.5785141,84.95825195,0,20,51,0,-20
32,100,20,60,go_to_pick_down,red,TRUE,FALSE,joint 3 +,FALSE,59:53.9,16.291,0.151,236.8,292.821991,106.5784912,84.81047058,0,20,51,0.071999997,-20
32,100,20,60,go_to_pick_down,red,TRUE,FALSE,joint 3 +,FALSE,59:55.3,16.196,0.149,236.8,292.6748962,106.5249557,78.17507172,0,20,51,2.737600088,-20
32,100,20,60,go_to_pick_down,red,TRUE,FALSE,joint 3 +,FALSE,59:56.0,16.12,0.149,236.8,291.0935364,105.9493866,61.77589798,0,20,51,9.244799614,-20
32,100,20,60,go_to_pick_down,red,TRUE,FALSE,joint 3 +,FALSE,59:57.3,16.025,0.149,236.8,286.7830811,104.3805084,41.96865845,0,20,51,17.13009644,-20
32,100,20,60,go_to_pick_down,red,TRUE,FALSE,joint 3 +,FALSE,59:58.0,16.082,0.148,236.8,283.4474182,103.16642,31.72755051,0,20,51,21.27889252,-20
32,100,20,60,go_to_pick_up_from_pick_down,red,TRUE,FALSE,joint 3 -,TRUE,59:58.7,16.082,0.148,236.8,283.0648499,103.0271835,30.69130325,0,20,51,21.63040161,-20
32,100,20,60,go_to_pick_up_from_pick_down,red,TRUE,FALSE,joint 3 -,TRUE,00:00.1,22.102,0.197,236.8,285.8764648,104.0505295,38.9319458,0,20,51,18.13599968,-20
32,100,20,60,go_to_pick_up_from_pick_down,red,TRUE,FALSE,joint 3 -,TRUE,00:01.0,22.102,0.197,236.8,290.2182312,105.6307983,56.55078125,0,20,51,10.9552002,-20
32,100,20,60,go_to_pick_up_from_pick_down,red,TRUE,FALSE,joint 3 -,TRUE,00:01.8,21.912,0.192,236.8,292.5958862,106.4962006,76.55003357,0,20,51,3.17740345,-20
32,100,20,60,go_to_pick_up_from_pick_down,red,TRUE,FALSE,joint 3 -,TRUE,00:03.2,21.969,0.192,236.8,292.821167,106.578186,84.4311676,0,20,51,0.180606544,-20
32,100,20,60,go_to_color_detect_up_from_pick_up,red,TRUE,FALSE,joint 1 +,TRUE,00:04.0,21.798,0.192,236.8,291.5949097,109.8915024,84.95825195,0.649599075,20.69599915,51,0,-20
32,100,20,60,go_to_color_detect_up_from_pick_up,red,TRUE,FALSE,joint 1 +,TRUE,00:04.7,21.798,0.19,236.8,281.38797,133.8825684,84.95825195,5.444801331,25.57760048,51,0,-20
32,100,20,60,go_to_color_detect_up_from_pick_up,red,TRUE,FALSE,joint 1 +,TRUE,00:06.2,21.893,0.191,236.8,259.478241,172.5536652,84.95825195,13.62400436,33.83360291,51,0,-20
32,100,20,60,go_to_color_detect_up_from_pick_up,red,TRUE,FALSE,joint 1 +,TRUE,00:06.9,21.874,0.191,236.8,219.1756439,221.5079346,84.95825195,25.30322647,45.55348206,51,0,-20
32,100,20,60,go_to_color_detect_up_from_pick_up,red,TRUE,FALSE,joint 1 +,TRUE,00:08.2,21.874,0.19,236.8,171.8670959,259.9335022,84.95825195,36.52746582,56.69132233,51,0,-20
32,100,20,60,go_to_color_detect_up_from_pick_up,red,TRUE,FALSE,joint 1 +,TRUE,00:08.9,22.064,0.19,236.8,143.8919525,276.4033813,84.95825195,42.49911118,62.58776855,51,0,-20
32,100,20,60,go_to_color_detect_up_from_pick_up,red,TRUE,FALSE,joint 1 +,TRUE,00:10.3,21.893,0.19,236.8,131.9414368,282.3033752,84.95825195,44.94980621,64.96166229,51,0,-20
32,100,20,60,go_to_color_detect_down,red,TRUE,FALSE,joint 3 +,TRUE,00:11.0,21.893,0.191,236.8,131.6724091,282.3723755,81.07536316,45,65,51,1.584000111,-20
32,100,20,60,go_to_color_detect_down,red,TRUE,FALSE,joint 3 +,TRUE,00:11.7,21.817,0.191,236.8,131.2701111,281.5096436,67.81376648,45,65,51,6.844799995,-20
32,100,20,60,go_to_color_detect_down,red,TRUE,FALSE,joint 3 +,TRUE,00:13.1,21.608,0.189,236.8,128.9997711,276.6408691,42.13665771,45,65,51,17.16960144,-20
32,100,20,60,go_to_color_detect_down,red,TRUE,FALSE,joint 3 +,TRUE,00:13.8,21.608,0.189,236.8,123.7491913,265.3809814,13.03082275,45,65,51,29.53858376,-20
32,100,20,60,go_to_color_detect_down,red,TRUE,FALSE,joint 3 +,TRUE,00:15.2,21.779,0.188,236.8,117.7159271,252.4426117,-7.940170288,45,65,51,39.36208725,-20
32,100,20,60,go_to_color_detect_down,red,TRUE,FALSE,joint 3 +,TRUE,00:15.9,21.76,0.188,236.8,112.7820816,241.8619537,-20.65354919,45,65,51,46.00712204,-20
32,100,20,60,go_to_color_detect_down,red,TRUE,FALSE,joint 3 +,TRUE,00:17.2,21.855,0.19,236.8,111.1443634,238.3498383,-24.27230072,45,65,51,47.99702072,-20
32,100,20,60,go_to_color_detect_up_from_color_detect_down,red,TRUE,FALSE,joint 3 -,FALSE,00:17.9,20.791,0.19,236.8,112.236763,240.6925049,-21.8877182,45,65,51,46.5552063,-20
32,100,20,60,go_to_color_detect_up_from_color_detect_down,red,TRUE,FALSE,joint 3 -,FALSE,00:19.3,15.93,0.148,236.8,116.6653671,250.189682,-10.90799713,45,65,51,40.55040359,-20
32,100,20,60,go_to_color_detect_up_from_color_detect_down,red,TRUE,FALSE,joint 3 -,FALSE,00:20.0,15.93,0.148,236.8,122.5243988,262.7543945,8.093215942,45,65,51,31.29600143,-20
32,100,20,60,go_to_color_detect_up_from_color_detect_down,red,TRUE,FALSE,joint 3 -,FALSE,00:20.7,16.234,0.148,236.8,128.2392426,275.0099487,36.62021255,45,65,51,18.95073128,-20
32,100,20,60,go_to_color_detect_up_from_color_detect_down,red,TRUE,FALSE,joint 3 -,FALSE,00:22.1,16.291,0.149,236.8,131.0671997,281.0744934,64.12805176,45,65,51,7.985692501,-20
32,100,20,60,go_to_color_detect_up_from_color_detect_down,red,TRUE,FALSE,joint 3 -,FALSE,00:23.1,16.139,0.149,236.8,131.6466217,282.3170776,79.21360016,45,65,51,2.155791283,-20
32,100,20,60,go_to_color_detect_up_from_color_detect_down,red,TRUE,FALSE,joint 3 -,FALSE,00:23.8,16.139,0.149,236.8,131.6940765,282.4188232,84.90861511,45,65,51,0.012290199,-20
32,100,20,60,detecting_color,red,FALSE,FALSE,detecting_color,FALSE,00:25.2,16.12,0.149,236.8,131.6940765,282.4188232,84.95825195,45,65,51,0,-20
32,100,20,60,detecting_color,red,FALSE,FALSE,detecting_color,FALSE,00:26.0,16.063,0.148,236.8,131.6940765,282.4188232,84.95825195,45,65,51,0,-20
32,100,20,60,detecting_color,red,FALSE,FALSE,detecting_color,FALSE,00:26.8,16.139,0.148,236.8,131.6940765,282.4188232,84.95825195,45,65,51,0,-20
32,100,20,60,go_to_color_detect_down,red,TRUE,FALSE,joint 3 +,FALSE,00:27.7,16.139,0.148,236.8,131.6940765,282.4188232,84.93362427,45,65,51,0.016000001,-20
32,100,20,60,go_to_color_detect_down,red,TRUE,FALSE,joint 3 +,FALSE,00:29.3,16.044,0.149,236.8,131.6514893,282.3275146,79.51624298,45,65,51,2.204800129,-20
32,100,20,60,go_to_color_detect_down,red,TRUE,FALSE,joint 3 +,FALSE,00:30.0,16.044,0.149,236.8,131.1014862,281.1480408,64.70307922,45,65,51,8.079999924,-20
32,100,20,60,go_to_color_detect_down,red,TRUE,FALSE,joint 3 +,FALSE,00:31.4,15.93,0.148,236.8,128.3623199,275.2738647,37.46473694,45,65,51,19.09600258,-20
32,100,20,60,go_to_color_detect_down,red,TRUE,FALSE,joint 3 +,FALSE,00:32.1,16.044,0.148,236.8,122.7081604,263.148468,8.80657196,45,65,51,31.43183327,-20
32,100,20,60,go_to_color_detect_down,red,TRUE,FALSE,joint 3 +,FALSE,00:32.8,16.044,0.148,236.8,116.8187027,250.5185089,-10.48462677,45,65,51,40.64093781,-20
32,100,20,60,go_to_color_detect_down,red,TRUE,FALSE,joint 3 +,FALSE,00:34.1,16.082,0.149,236.8,112.3119659,240.853775,-21.71930695,45,65,51,46.59477234,-20
32,100,20,60,go_to_color_detect_up_from_color_detect_down,red,TRUE,FALSE,joint 3 -,TRUE,00:34.9,16.082,0.149,236.8,111.1427078,238.3462982,-24.27581024,45,65,51,47.99040222,-20
32,100,20,60,go_to_color_detect_up_from_color_detect_down,red,TRUE,FALSE,joint 3 -,TRUE,00:36.3,16.139,0.148,236.8,112.7559433,241.8058929,-20.71340179,45,65,51,45.87840271,-20
32,100,20,60,go_to_color_detect_up_from_color_detect_down,red,TRUE,FALSE,joint 3 -,TRUE,00:36.9,22.272,0.148,236.8,117.6686325,252.3411865,-8.07724762,45,65,51,39.09600449,-20
32,100,20,60,go_to_color_detect_up_from_color_detect_down,red,TRUE,FALSE,joint 3 -,TRUE,00:38.3,21.969,0.19,236.8,123.6958084,265.26651,12.80612946,45,65,51,29.15040016,-20
32,100,20,60,go_to_color_detect_up_from_color_detect_down,red,TRUE,FALSE,joint 3 -,TRUE,00:39.0,21.969,0.19,236.8,128.9694061,276.5757751,41.90139771,45,65,51,16.79922485,-20
32,100,20,60,go_to_color_detect_up_from_color_detect_down,red,TRUE,FALSE,joint 3 -,TRUE,00:39.7,21.969,0.192,236.8,131.2624207,281.4931641,67.65975952,45,65,51,6.611786366,-20
32,100,20,60,go_to_color_detect_up_from_color_detect_down,red,TRUE,FALSE,joint 3 -,TRUE,00:41.1,21.817,0.192,236.8,131.6715698,282.370575,81.00113678,45,65,51,1.473084927,-20
32,100,20,60,go_to_green_up,green,TRUE,FALSE,joint 1 +,TRUE,00:41.8,21.817,0.191,236.8,131.6703949,282.4298706,84.95825195,45.00479889,65.00959778,51,0,-20
32,100,20,60,go_to_green_up,green,TRUE,FALSE,joint 1 +,TRUE,00:43.2,21.817,0.191,236.8,118.9804688,288.0058594,84.95825195,47.55358887,67.64479065,51,0,-20
32,100,20,60,go_to_green_up,green,TRUE,FALSE,joint 1 +,TRUE,00:43.8,21.912,0.191,236.8,87.27199554,299.1443481,84.95825195,53.73599243,73.9039917,51,0,-20
32,100,20,60,go_to_green_up,green,TRUE,FALSE,joint 1 +,TRUE,00:45.2,21.988,0.191,236.8,34.70937729,309.6756287,84.95825195,63.60480499,83.84960175,51,0,-20
32,100,20,60,go_to_green_up,green,TRUE,FALSE,joint 1 +,TRUE,00:45.9,21.969,0.191,236.8,-29.15166473,310.2481689,84.95825195,75.36788177,95.54264832,51,0,-20
32,100,20,60,go_to_green_up,green,TRUE,FALSE,joint 1 +,TRUE,00:47.3,21.855,0.191,236.8,-64.53184509,304.8595886,84.95825195,81.95178223,102.0497437,51,0,-20
32,100,20,60,go_to_green_up,green,TRUE,FALSE,joint 1 +,TRUE,00:48.0,21.912,0.19,236.8,-80.4010849,301.0637817,84.95825195,84.95227051,104.9638367,51,0,-20
32,100,20,60,go_to_pick_up_from_green,green,TRUE,FALSE,joint 1 -,FALSE,00:49.4,16.785,0.19,236.8,-75.34424591,302.3689575,84.95825195,83.99200439,103.9344025,51,0,-20
32,100,20,60,go_to_pick_up_from_green,green,TRUE,FALSE,joint 1 -,FALSE,00:50.1,16.785,0.149,236.8,-51.01506042,307.4104614,84.95825195,79.42241669,99.28801727,51,0,-20
32,100,20,60,go_to_pick_up_from_green,green,TRUE,FALSE,joint 1 -,FALSE,00:50.7,16.177,0.149,236.8,0.678742588,311.6139832,84.95825195,69.87519836,89.65439606,51,0,-20
32,100,20,60,go_to_pick_up_from_green,green,TRUE,FALSE,joint 1 -,FALSE,00:52.1,16.12,0.149,236.8,67.59439087,304.1952209,84.95825195,57.47200012,77.17440033,51,0,-20
32,100,20,60,go_to_pick_up_from_green,green,TRUE,FALSE,joint 1 -,FALSE,00:52.8,16.12,0.148,236.8,149.1821136,273.5843811,84.95825195,41.39692307,61.03376007,51,0,-20
32,100,20,60,go_to_pick_up_from_green,green,TRUE,FALSE,joint 1 -,FALSE,00:54.2,16.139,0.148,236.8,223.870697,216.7617188,84.95825195,24.07569122,43.79892731,51,0,-20
32,100,20,60,go_to_pick_up_from_green,green,TRUE,FALSE,joint 1 -,FALSE,00:54.9,16.272,0.149,236.8,262.5327454,167.8698578,84.95825195,12.59584045,32.39587784,51,0,-20
32,100,20,60,go_to_pick_up_from_green,green,TRUE,FALSE,joint 1 -,FALSE,00:56.3,16.12,0.149,236.8,282.8713684,130.7192535,84.95825195,4.802391052,24.67922783,51,0,-20
32,100,20,60,go_to_pick_up_from_green,green,TRUE,FALSE,joint 1 -,FALSE,00:57.0,16.272,0.149,236.8,291.9927368,108.8299789,84.95825195,0.441160202,20.40439606,51,0,-20
32,100,20,60,moving_belt,green,FALSE,TRUE,joint 1 -,FALSE,00:58.4,16.31,0.149,236.8,292.822052,106.5785141,84.95825195,0,20,51,0,-20
32,100,20,60,moving_belt,green,FALSE,TRUE,joint 1 -,FALSE,00:59.3,16.31,0.154,236.8,292.822052,106.5785141,84.95825195,0,20,51,0,-20
32,100,20,60,moving_belt,green,FALSE,TRUE,joint 1 -,FALSE,00:59.9,16.614,0.154,236.8,292.822052,106.5785141,84.95825195,0,20,51,0,-20
32,100,20,60,moving_belt,green,FALSE,TRUE,joint 1 -,FALSE,01:01.3,16.443,0.151,236.8,292.822052,106.5785141,84.95825195,0,20,51,0,-20
32,100,20,60,go_to_pick_down,green,TRUE,FALSE,joint 3 +,FALSE,01:02.0,16.367,0.151,236.8,292.822052,106.5785141,84.95825195,0,20,51,0,-20
32,100,20,60,go_to_pick_down,green,TRUE,FALSE,joint 3 +,FALSE,01:02.7,16.367,0.151,236.8,292.7344971,106.5466461,79.72546387,0,20,51,2.121599913,-20
32,100,20,60,go_to_pick_down,green,TRUE,FALSE,joint 3 +,FALSE,01:04.1,16.101,0.148,236.8,291.5565491,106.1179123,65.10567474,0,20,51,7.919999599,-20
32,100,20,60,go_to_pick_down,green,TRUE,FALSE,joint 3 +,FALSE,01:04.8,16.082,0.148,236.8,287.6018982,104.6785278,44.92869568,0,20,51,15.94179821,-20
32,100,20,60,go_to_pick_down,green,TRUE,FALSE,joint 3 +,FALSE,01:06.2,16.082,0.148,236.8,283.5366516,103.1989059,31.97268295,0,20,51,21.17962456,-20
32,100,20,60,go_to_pick_up_from_pick_down,green,TRUE,FALSE,joint 3 -,TRUE,01:06.9,16.12,0.148,236.8,282.8587646,102.952179,30.14237976,0,20,51,21.87520027,-20
32,100,20,60,go_to_pick_up_from_pick_down,green,TRUE,FALSE,joint 3 -,TRUE,01:08.3,22.747,0.197,236.8,285.1638489,103.791153,36.69239044,0,20,51,19.0720005,-20
32,100,20,60,go_to_pick_up_from_pick_down,green,TRUE,FALSE,joint 3 -,TRUE,01:08.9,22.007,0.197,236.8,289.413208,105.3377914,52.50271606,0,20,51,12.58240032,-20
32,100,20,60,go_to_pick_up_from_pick_down,green,TRUE,FALSE,joint 3 -,TRUE,01:09.6,22.007,0.197,236.8,292.4394226,106.4392471,74.02404022,0,20,51,4.149703026,-20
32,100,20,60,go_to_pick_up_from_pick_down,green,TRUE,FALSE,joint 3 -,TRUE,01:11.3,21.874,0.191,236.8,292.8167725,106.5765915,83.6730423,0,20,51,0.461706042,-20
32,100,20,60,go_to_color_detect_up_from_pick_up,green,TRUE,FALSE,joint 1 +,TRUE,01:12.0,21.931,0.191,236.8,292.2524414,108.1306534,84.95825195,0.303998947,20.33599854,51,0,-20
32,100,20,60,go_to_color_detect_up_from_pick_up,green,TRUE,FALSE,joint 1 +,TRUE,01:13.3,21.893,0.19,236.8,283.958313,128.3410034,84.95825195,4.32159996,24.44000053,51,0,-20
32,100,20,60,go_to_color_detect_up_from_pick_up,green,TRUE,FALSE,joint 1 +,TRUE,01:14.2,22.007,0.19,236.8,264.8115234,164.2515564,84.95825195,11.80960083,32.0048027,51,0,-20
32,100,20,60,go_to_color_detect_up_from_pick_up,green,TRUE,FALSE,joint 1 +,TRUE,01:14.9,21.817,0.191,236.8,227.9787445,212.4368744,84.95825195,22.97891998,43.24357605,51,0,-20
32,100,20,60,go_to_color_detect_up_from_pick_up,green,TRUE,FALSE,joint 1 +,TRUE,01:16.3,21.912,0.191,236.8,178.8205566,255.1997833,84.95825195,34.98075867,55.15901566,51,0,-20
32,100,20,60,go_to_color_detect_up_from_pick_up,green,TRUE,FALSE,joint 1 +,TRUE,01:17.0,21.912,0.191,236.8,147.5783234,274.4528503,84.95825195,41.73226166,61.83371735,51,0,-20
32,100,20,60,go_to_color_detect_up_from_pick_up,green,TRUE,FALSE,joint 1 +,TRUE,01:18.4,21.931,0.19,236.8,132.6920776,281.9513245,84.95825195,44.79735565,64.82201385,51,0,-20
32,100,20,60,go_to_color_detect_down,green,TRUE,FALSE,joint 3 +,TRUE,01:19.1,21.817,0.19,236.8,131.6855011,282.4004517,82.51587677,45,65,51,1.008000016,-20
32,100,20,60,go_to_color_detect_down,green,TRUE,FALSE,joint 3 +,TRUE,01:19.8,21.817,0.19,236.8,131.4137726,281.817749,71.00990295,45,65,51,5.577600002,-20
32,100,20,60,go_to_color_detect_down,green,TRUE,FALSE,joint 3 +,TRUE,01:21.2,21.551,0.189,236.8,129.6036224,277.9358521,47.14584351,45,65,51,15.12480164,-20
32,100,20,60,go_to_color_detect_down,green,TRUE,FALSE,joint 3 +,TRUE,01:21.9,21.665,0.189,236.8,124.9090652,267.8683472,18.15760803,45,65,51,27.28627586,-20
32,100,20,60,go_to_color_detect_down,green,TRUE,FALSE,joint 3 +,TRUE,01:23.2,21.741,0.189,236.8,118.7771683,254.7184448,-4.772758484,45,65,51,37.80097961,-20
32,100,20,60,go_to_color_detect_down,green,TRUE,FALSE,joint 3 +,TRUE,01:23.9,21.817,0.189,236.8,113.7814331,244.0050507,-18.31171417,45,65,51,44.73233414,-20
32,100,20,60,go_to_color_detect_down,green,TRUE,FALSE,joint 3 +,TRUE,01:25.3,21.76,0.189,236.8,111.2155685,238.5025482,-24.12030792,45,65,51,47.92137146,-20
32,100,20,60,go_to_color_detect_up_from_color_detect_down,green,TRUE,FALSE,joint 3 -,FALSE,01:26.1,21.76,0.189,236.8,111.8569717,239.8780518,-22.72976685,45,65,51,47.04800415,-20
32,100,20,60,go_to_color_detect_up_from_color_detect_down,green,TRUE,FALSE,joint 3 -,FALSE,01:26.8,16.101,0.189,236.8,115.1402893,246.9191284,-14.94973755,45,65,51,42.68640137,-20
32,100,20,60,go_to_color_detect_up_from_color_detect_down,green,TRUE,FALSE,joint 3 -,FALSE,01:28.3,16.082,0.15,236.8,121.4864731,260.5285645,4.226165771,45,65,51,33.0943985,-20
32,100,20,60,go_to_color_detect_up_from_color_detect_down,green,TRUE,FALSE,joint 3 -,FALSE,01:29.0,16.082,0.15,236.8,127.4772034,273.3757324,31.72328568,45,65,51,20.97198296,-20
32,100,20,60,go_to_color_detect_up_from_color_detect_down,green,TRUE,FALSE,joint 3 -,FALSE,01:30.4,16.386,0.15,236.8,130.6412048,280.1609497,58.00936127,45,65,51,10.38048172,-20
32,100,20,60,go_to_color_detect_up_from_color_detect_down,green,TRUE,FALSE,joint 3 -,FALSE,01:31.1,16.348,0.15,236.8,131.6107483,282.2401428,77.34660339,45,65,51,2.871441603,-20
32,100,20,60,go_to_color_detect_up_from_color_detect_down,green,TRUE,FALSE,joint 3 -,FALSE,01:31.8,16.291,0.149,236.8,131.6939087,282.4184875,84.61600494,45,65,51,0.113540351,-20
32,100,20,60,detecting_color,green,FALSE,FALSE,detecting_color,FALSE,01:33.2,16.082,0.149,236.8,131.6940765,282.4188232,84.95825195,45,65,51,0,-20
32,100,20,60,detecting_color,green,FALSE,FALSE,detecting_color,FALSE,01:33.9,16.082,0.148,236.8,131.6940765,282.4188232,84.95825195,45,65,51,0,-20
32,100,20,60,go_to_color_detect_down,green,TRUE,FALSE,joint 3 +,FALSE,01:35.2,16.063,0.148,236.8,131.6681213,282.3631897,80.71015167,45,65,51,1.729600191,-20
32,100,20,60,go_to_color_detect_down,green,TRUE,FALSE,joint 3 +,FALSE,01:35.9,16.139,0.148,236.8,131.2318573,281.4276123,67.05975342,45,65,51,7.144000053,-20
32,100,20,60,go_to_color_detect_down,green,TRUE,FALSE,joint 3 +,FALSE,01:37.3,16.12,0.149,236.8,129.282196,277.2465515,44.3961525,45,65,51,16.24480057,-20
32,100,20,60,go_to_color_detect_down,green,TRUE,FALSE,joint 3 +,FALSE,01:38.0,16.101,0.149,236.8,123.4893341,264.8237305,11.94573975,45,65,51,30.02149582,-20
32,100,20,60,go_to_color_detect_down,green,TRUE,FALSE,joint 3 +,FALSE,01:38.7,16.101,0.149,236.8,117.4872742,251.9522552,-8.599761963,45,65,51,39.69139862,-20
32,100,20,60,go_to_color_detect_down,green,TRUE,FALSE,joint 3 +,FALSE,01:40.2,16.044,0.149,236.8,113.0451126,242.4260101,-20.04740906,45,65,51,45.67489624,-20
32,100,20,60,go_to_color_detect_down,green,TRUE,FALSE,joint 3 +,FALSE,01:40.9,16.177,0.149,236.8,111.1394348,238.3392792,-24.28279877,45,65,51,47.99993134,-20
32,100,20,60,go_to_color_detect_up_from_color_detect_down,green,TRUE,FALSE,joint 3 -,TRUE,01:42.3,16.348,0.149,236.8,112.2896957,240.806015,-21.76922607,45,65,51,46.48640442,-20
32,100,20,60,go_to_color_detect_up_from_color_detect_down,green,TRUE,FALSE,joint 3 -,TRUE,01:43.0,22.045,0.191,236.8,116.1353149,249.0529785,-12.34693909,45,65,51,41.3024025,-20
32,100,20,60,go_to_color_detect_up_from_color_detect_down,green,TRUE,FALSE,joint 3 -,TRUE,01:44.4,21.912,0.191,236.8,121.8746338,261.3609924,5.641403198,45,65,51,32.43199921,-20
32,100,20,60,go_to_color_detect_up_from_color_detect_down,green,TRUE,FALSE,joint 3 -,TRUE,01:45.1,22.007,0.192,236.8,128.3267975,275.1976929,37.2192688,45,65,51,18.70527458,-20
32,100,20,60,go_to_color_detect_up_from_color_detect_down,green,TRUE,FALSE,joint 3 -,TRUE,01:45.8,22.026,0.192,236.8,130.9619446,280.8487854,62.45671844,45,65,51,8.637918472,-20
32,100,20,60,go_to_color_detect_up_from_color_detect_down,green,TRUE,FALSE,joint 3 -,TRUE,01:47.2,21.931,0.191,236.8,131.6305542,282.2826233,78.31277466,45,65,51,2.500816584,-20
32,100,20,60,go_to_color_detect_up_from_color_detect_down,green,TRUE,FALSE,joint 3 -,TRUE,01:47.9,21.95,0.191,236.8,131.6940765,282.4188232,84.9407196,45,65,51,0.002977646,-20
32,100,20,60,go_to_blue_up,blue,TRUE,FALSE,joint 1 +,TRUE,01:49.3,21.836,0.191,236.8,124.5313873,285.6495361,84.95825195,46.4447937,66.51359558,51,0,-20
32,100,20,60,go_to_blue_up,blue,TRUE,FALSE,joint 1 +,TRUE,01:50.0,21.836,0.191,236.8,98.60861969,295.6011963,84.95825195,51.55198669,71.69758606,51,0,-20
32,100,20,60,go_to_blue_up,blue,TRUE,FALSE,joint 1 +,TRUE,01:51.4,21.931,0.191,236.8,54.14546967,306.8745728,84.95825195,59.99362183,80.1193924,51,0,-20
32,100,20,60,go_to_blue_up,blue,TRUE,FALSE,joint 1 +,TRUE,01:52.2,21.95,0.191,236.8,31.35094261,310.0336304,84.95825195,64.22581482,84.2747879,51,0,-20
32,100,20,60,go_to_pick_up_from_blue,blue,TRUE,FALSE,joint 1 -,FALSE,01:53.0,21.95,0.191,236.8,27.83510208,310.3690491,84.95825195,64.87519836,84.85440063,51,0,-20
32,100,20,60,go_to_pick_up_from_blue,blue,TRUE,FALSE,joint 1 -,FALSE,01:54.4,16.443,0.184,236.8,46.26174164,308.1616211,84.95825195,61.4624176,81.35521698,51,0,-20
32,100,20,60,go_to_pick_up_from_blue,blue,TRUE,FALSE,joint 1 -,FALSE,01:55.1,16.443,0.184,236.8,83.21250916,300.2988892,84.95825195,54.51200104,74.32800293,51,0,-20
32,100,20,60,go_to_pick_up_from_blue,blue,TRUE,FALSE,joint 1 -,FALSE,01:55.8,16.329,0.15,236.8,137.2126465,279.7792358,84.95825195,43.87519836,63.61439896,51,0,-20
32,100,20,60,go_to_pick_up_from_blue,blue,TRUE,FALSE,joint 1 -,FALSE,01:57.1,16.291,0.15,236.8,209.0774078,231.0635834,84.95825195,27.85969162,47.56191254,51,0,-20
32,100,20,60,go_to_pick_up_from_blue,blue,TRUE,FALSE,joint 1 -,FALSE,01:57.8,16.234,0.15,236.8,254.0970612,180.3840637,84.95825195,15.37102127,35.15003967,51,0,-20
32,100,20,60,go_to_pick_up_from_blue,blue,TRUE,FALSE,joint 1 -,FALSE,01:59.2,16.12,0.149,236.8,278.7076721,139.3763275,84.95825195,6.568750381,26.42457008,51,0,-20
32,100,20,60,go_to_pick_up_from_blue,blue,TRUE,FALSE,joint 1 -,FALSE,01:59.9,16.12,0.149,236.8,290.7756653,112.0412369,84.95825195,1.072595596,21.01481438,51,0,-20
32,100,20,60,moving_belt,blue,FALSE,TRUE,joint 1 -,FALSE,02:01.3,16.253,0.149,236.8,292.822052,106.5785141,84.95825195,0,20,51,0,-20
32,100,20,60,moving_belt,blue,FALSE,TRUE,joint 1 -,FALSE,02:02.0,16.158,0.149,236.8,292.822052,106.5785141,84.95825195,0,20,51,0,-20
32,100,20,60,moving_belt,blue,FALSE,TRUE,joint 1 -,FALSE,02:03.4,16.443,0.154,236.8,292.822052,106.5785141,84.95825195,0,20,51,0,-20
32,100,20,60,moving_belt,blue,FALSE,TRUE,joint 1 -,FALSE,02:04.1,16.443,0.154,236.8,292.822052,106.5785141,84.95825195,0,20,51,0,-20
32,100,20,60,moving_belt,blue,FALSE,TRUE,joint 1 -,FALSE,02:04.8,16.443,0.151,236.8,292.822052,106.5785141,84.95825195,0,20,51,0,-20
32,100,20,60,go_to_pick_down,blue,TRUE,FALSE,joint 3 +,FALSE,02:06.2,16.31,0.151,236.8,292.7954407,106.5688248,82.07260895,0,20,51,1.185600042,-20
32,100,20,60,go_to_pick_down,blue,TRUE,FALSE,joint 3 +,FALSE,02:06.9,16.158,0.149,236.8,292.1031799,106.316864,69.98046112,0,20,51,5.985599518,-20
32,100,20,60,go_to_pick_down,blue,TRUE,FALSE,joint 3 +,FALSE,02:08.3,15.949,0.149,236.8,288.8141174,105.119751,49.80480957,0,20,51,13.99656582,-20
32,100,20,60,go_to_pick_down,blue,TRUE,FALSE,joint 3 +,FALSE,02:09.0,16.006,0.149,236.8,284.2998657,103.4766922,34.12447357,0,20,51,20.30555916,-20
32,100,20,60,go_to_pick_up_from_pick_down,blue,TRUE,FALSE,joint 3 -,TRUE,02:10.3,16.044,0.149,236.8,282.7636108,102.9175491,29.89107895,0,20,51,22,-20
32,100,20,60,go_to_pick_up_from_pick_down,blue,TRUE,FALSE,joint 3 -,TRUE,02:11.0,16.044,0.149,236.8,284.2055054,103.4423523,33.85284805,0,20,51,20.27039909,-20
32,100,20,60,go_to_pick_up_from_pick_down,blue,TRUE,FALSE,joint 3 -,TRUE,02:12.4,21.874,0.199,236.8,288.6720581,105.0680389,49.19661331,0,20,51,13.92000008,-20
32,100,20,60,go_to_pick_up_from_pick_down,blue,TRUE,FALSE,joint 3 -,TRUE,02:13.1,22.045,0.199,236.8,292.0505981,106.2977295,69.44406891,0,20,51,5.91976881,-20
32,100,20,60,go_to_pick_up_from_pick_down,blue,TRUE,FALSE,joint 3 -,TRUE,02:13.8,22.045,0.191,236.8,292.7908325,106.5671539,81.83301544,0,20,51,1.156571865,-20
32,100,20,60,go_to_color_detect_up_from_pick_up,blue,TRUE,FALSE,joint 1 +,TRUE,02:15.2,21.855,0.191,236.8,292.6251221,107.1180191,84.95825195,0.105600357,20.12479973,51,0,-20
32,100,20,60,go_to_color_detect_up_from_pick_up,blue,TRUE,FALSE,joint 1 +,TRUE,02:15.9,21.988,0.19,236.8,287.1986389,120.9159775,84.95825195,2.831998825,22.9279995,51,0,-20
32,100,20,60,go_to_color_detect_up_from_pick_up,blue,TRUE,FALSE,joint 1 +,TRUE,02:17.3,21.893,0.19,236.8,271.8963928,152.2368927,84.95825195,9.244800568,29.41760063,51,0,-20
32,100,20,60,go_to_color_detect_up_from_pick_up,blue,TRUE,FALSE,joint 1 +,TRUE,02:18.0,22.007,0.191,236.8,235.6575012,203.8854523,84.95825195,20.8656044,41.12480545,51,0,-20
32,100,20,60,go_to_color_detect_up_from_pick_up,blue,TRUE,FALSE,joint 1 +,TRUE,02:19.4,21.969,0.191,236.8,190.4869385,246.6139832,84.95825195,32.31716919,52.51782608,51,0,-20
32,100,20,60,go_to_color_detect_up_from_pick_up,blue,TRUE,FALSE,joint 1 +,TRUE,02:20.1,21.912,0.191,236.8,155.1291809,270.2566528,84.95825195,40.14387512,60.26773071,51,0,-20
32,100,20,60,go_to_color_detect_up_from_pick_up,blue,TRUE,FALSE,joint 1 +,TRUE,02:20.8,21.874,0.191,236.8,133.9448547,281.3583069,84.95825195,44.54251099,64.57996368,51,0,-20
32,100,20,60,go_to_color_detect_down,blue,TRUE,FALSE,joint 3 +,TRUE,02:22.3,21.798,0.19,236.8,131.6925201,282.4155273,83.91969299,45,65,51,0.441600055,-20
32,100,20,60,go_to_color_detect_down,blue,TRUE,FALSE,joint 3 +,TRUE,02:23.0,21.741,0.19,236.8,131.4868011,281.9743347,72.96034241,45,65,51,4.804800034,-20
32,100,20,60,go_to_color_detect_down,blue,TRUE,FALSE,joint 3 +,TRUE,02:24.4,21.722,0.191,236.8,130.2448425,279.3109436,53.39215469,45,65,51,12.60000134,-20
32,100,20,60,go_to_color_detect_down,blue,TRUE,FALSE,joint 3 +,TRUE,02:25.1,21.627,0.191,236.8,126.4088516,271.0846558,25.62582397,45,65,51,24.08160019,-20
32,100,20,60,go_to_color_detect_down,blue,TRUE,FALSE,joint 3 +,TRUE,02:25.8,21.627,0.191,236.8,119.5105209,256.2911377,-2.474891663,45,65,51,36.68824005,-20
32,100,20,60,go_to_color_detect_down,blue,TRUE,FALSE,joint 3 +,TRUE,02:27.1,21.589,0.19,236.8,114.361084,245.2481232,-16.90354919,45,65,51,43.9773407,-20
32,100,20,60,go_to_color_detect_down,blue,TRUE,FALSE,joint 3 +,TRUE,02:27.8,21.589,0.19,236.8,111.5373306,239.1925659,-23.42764282,45,65,51,47.54258728,-20
32,100,20,60,go_to_color_detect_up_from_color_detect_down,blue,TRUE,FALSE,joint 3 -,FALSE,02:29.2,21.646,0.19,236.8,111.5893707,239.3041687,-23.31468964,45,65,51,47.39520264,-20
32,100,20,60,go_to_color_detect_up_from_color_detect_down,blue,TRUE,FALSE,joint 3 -,FALSE,02:29.9,21.646,0.19,236.8,114.5881805,245.7351379,-16.34148407,45,65,51,43.44000244,-20
32,100,20,60,go_to_color_detect_up_from_color_detect_down,blue,TRUE,FALSE,joint 3 -,FALSE,02:31.3,16.177,0.149,236.8,119.8323364,256.9812622,-1.436225891,45,65,51,35.79840088,-20
32,100,20,60,go_to_color_detect_up_from_color_detect_down,blue,TRUE,FALSE,joint 3 -,FALSE,02:32.0,16.177,0.149,236.8,126.714859,271.7408752,27.29499435,45,65,51,22.82457733,-20
32,100,20,60,go_to_color_detect_up_from_color_detect_down,blue,TRUE,FALSE,joint 3 -,FALSE,02:33.4,16.348,0.151,236.8,130.3612366,279.5605774,54.67201996,45,65,51,11.69547558,-20
32,100,20,60,go_to_color_detect_up_from_color_detect_down,blue,TRUE,FALSE,joint 3 -,FALSE,02:34.1,16.481,0.151,236.8,131.513443,282.0314941,73.75671387,45,65,51,4.252773285,-20
32,100,20,60,go_to_color_detect_up_from_color_detect_down,blue,TRUE,FALSE,joint 3 -,FALSE,02:34.9,16.481,0.151,236.8,131.6931152,282.4167786,84.14446259,45,65,51,0.286134154,-20
32,100,20,60,detecting_color,blue,FALSE,FALSE,detecting_color,FALSE,02:36.3,16.253,0.149,236.8,131.6940765,282.4188232,84.95825195,45,65,51,0,-20
32,100,20,60,go_to_color_detect_down,blue,TRUE,FALSE,joint 3 +,FALSE,02:36.9,16.272,0.149,236.8,131.6940613,282.4187927,84.84331512,45,65,51,0.057600003,-20
32,100,20,60,go_to_color_detect_down,blue,TRUE,FALSE,joint 3 +,FALSE,02:38.3,16.291,0.15,236.8,131.6366425,282.2956848,78.63847351,45,65,51,2.553600311,-20
32,100,20,60,go_to_color_detect_down,blue,TRUE,FALSE,joint 3 +,FALSE,02:39.0,16.215,0.15,236.8,131.0268555,280.9879761,63.47186279,45,65,51,8.569600105,-20
32,100,20,60,go_to_color_detect_down,blue,TRUE,FALSE,joint 3 +,FALSE,02:40.4,16.12,0.149,236.8,128.0967407,274.7043152,35.66233444,45,65,51,19.84480095,-20
32,100,20,60,go_to_color_detect_down,blue,TRUE,FALSE,joint 3 +,FALSE,02:41.1,16.12,0.149,236.8,122.3176651,262.3110657,7.301460266,45,65,51,32.11540222,-20
32,100,20,60,go_to_color_detect_down,blue,TRUE,FALSE,joint 3 +,FALSE,02:41.8,16.044,0.149,236.8,116.4947891,249.8238678,-11.37520599,45,65,51,41.09410477,-20
32,100,20,60,go_to_color_detect_down,blue,TRUE,FALSE,joint 3 +,FALSE,02:43.2,16.215,0.149,236.8,112.155304,240.517807,-22.0695343,45,65,51,46.78874207,-20
32,100,20,60,go_to_color_detect_up_from_color_detect_down,blue,TRUE,FALSE,joint 3 -,TRUE,02:43.9,16.139,0.149,236.8,111.1659164,238.3960571,-24.22634125,45,65,51,47.9552002,-20
32,100,20,60,go_to_color_detect_up_from_color_detect_down,blue,TRUE,FALSE,joint 3 -,TRUE,02:45.3,21.855,0.149,236.8,113.0170898,242.3659058,-20.11231995,45,65,51,45.53600311,-20
32,100,20,60,go_to_color_detect_up_from_color_detect_down,blue,TRUE,FALSE,joint 3 -,TRUE,02:46.0,21.988,0.149,236.8,118.1329651,253.3369446,-6.716766357,45,65,51,38.40800476,-20
32,100,20,60,go_to_color_detect_up_from_color_detect_down,blue,TRUE,FALSE,joint 3 -,TRUE,02:47.3,22.007,0.192,236.8,124.2139587,266.3776855,15.0270462,45,65,51,28.15520096,-20
32,100,20,60,go_to_color_detect_up_from_color_detect_down,blue,TRUE,FALSE,joint 3 -,TRUE,02:48.0,21.817,0.192,236.8,129.2542114,277.186554,44.16623306,45,65,51,15.88460064,-20
32,100,20,60,go_to_color_detect_up_from_color_detect_down,blue,TRUE,FALSE,joint 3 -,TRUE,02:49.4,22.026,0.192,236.8,131.3327484,281.6439514,69.12667847,45,65,51,6.042761326,-20
32,100,20,60,go_to_color_detect_up_from_color_detect_down,blue,TRUE,FALSE,joint 3 -,TRUE,02:50.1,21.874,0.192,236.8,131.6787109,282.3858948,81.68909454,45,65,51,1.211259842,-20
32,100,20,60,go_to_red_up,red,TRUE,FALSE,joint 1 +,TRUE,02:50.8,21.817,0.191,236.8,131.6151733,282.4555969,84.95825195,45.01599884,65.02400208,51,0,-20
32,100,20,60,go_to_red_up,red,TRUE,FALSE,joint 1 +,TRUE,02:52.3,21.817,0.191,236.8,118.0549622,288.3864746,84.95825195,47.73758698,67.83198547,51,0,-20
32,100,20,60,go_to_red_up,red,TRUE,FALSE,joint 1 +,TRUE,02:53.0,21.855,0.191,236.8,85.50788116,299.6533813,84.95825195,54.07358551,74.24478912,51,0,-20
32,100,20,60,go_to_red_up,red,TRUE,FALSE,joint 1 +,TRUE,02:54.3,21.798,0.191,236.8,32.05334091,309.961792,84.95825195,64.09599304,84.34399414,51,0,-20
32,100,20,60,go_to_red_up,red,TRUE,FALSE,joint 1 +,TRUE,02:55.0,21.798,0.191,236.8,-51.02756119,307.4083862,84.95825195,79.42475128,99.7100296,51,0,-20
32,100,20,60,go_to_red_up,red,TRUE,FALSE,joint 1 +,TRUE,02:56.4,21.969,0.191,236.8,-113.2616425,290.3024902,84.95825195,91.31326294,111.5217438,51,0,-20
32,100,20,60,go_to_red_up,red,TRUE,FALSE,joint 1 +,TRUE,02:57.1,21.855,0.192,236.8,-153.5193329,271.1743774,84.95825195,99.51539612,119.6470718,51,0,-20
32,100,20,60,go_to_red_up,red,TRUE,FALSE,joint 1 +,TRUE,02:57.8,21.855,0.192,236.8,-175.7663116,257.3128967,84.95825195,104.3363495,124.3816299,51,0,-20
32,100,20,60,go_to_pick_up_from_red,red,TRUE,FALSE,joint 1 -,FALSE,02:59.2,21.817,0.192,236.8,-177.8785095,255.8573151,84.95825195,104.8079987,124.782402,51,0,-20
32,100,20,60,go_to_pick_up_from_red,red,TRUE,FALSE,joint 1 -,FALSE,02:59.9,21.817,0.192,236.8,-164.088913,264.912323,84.95825195,101.7744141,121.6720123,51,0,-20
32,100,20,60,go_to_pick_up_from_red,red,TRUE,FALSE,joint 1 -,FALSE,03:01.2,16.253,0.192,236.8,-126.5225449,284.7731934,84.95825195,93.95520782,113.7664108,51,0,-20
32,100,20,60,go_to_pick_up_from_red,red,TRUE,FALSE,joint 1 -,FALSE,03:01.9,16.253,0.15,236.8,-70.56433868,303.5200195,84.95825195,83.08800507,102.822403,51,0,-20
32,100,20,60,go_to_pick_up_from_red,red,TRUE,FALSE,joint 1 -,FALSE,03:03.3,16.291,0.15,236.8,7.970013618,311.5127869,84.95825195,68.5344162,88.1920166,51,0,-20
32,100,20,60,go_to_pick_up_from_red,red,TRUE,FALSE,joint 1 -,FALSE,03:04.0,16.272,0.15,236.8,116.9330597,288.8432007,84.95825195,47.96030426,67.5693512,51,0,-20
32,100,20,60,go_to_pick_up_from_red,red,TRUE,FALSE,joint 1 -,FALSE,03:05.4,16.272,0.15,236.8,196.1087952,242.16745,84.95825195,30.99921417,50.68505859,51,0,-20
32,100,20,60,go_to_pick_up_from_red,red,TRUE,FALSE,joint 1 -,FALSE,03:06.1,16.215,0.15,236.8,246.4753113,190.6663361,84.95825195,17.72452164,37.48716736,51,0,-20
32,100,20,60,go_to_pick_up_from_red,red,TRUE,FALSE,joint 1 -,FALSE,03:06.8,16.215,0.15,236.8,277.1629333,142.4234161,84.95825195,7.196893692,27.04593849,51,0,-20
32,100,20,60,go_to_pick_up_from_red,red,TRUE,FALSE,joint 1 -,FALSE,03:08.2,16.234,0.15,236.8,289.4190369,115.5004501,84.95825195,1.755800247,21.68164444,51,0,-20
32,100,20,60,moving_belt,red,FALSE,TRUE,joint 1 -,FALSE,03:08.9,16.234,0.15,236.8,292.822052,106.5785141,84.95825195,0,20,51,0,-20
32,100,20,60,moving_belt,red,FALSE,TRUE,joint 1 -,FALSE,03:10.3,16.234,0.15,236.8,292.822052,106.5785141,84.95825195,0,20,51,0,-20
32,100,20,60,moving_belt,red,FALSE,TRUE,joint 1 -,FALSE,03:11.0,16.234,0.153,236.8,292.822052,106.5785141,84.95825195,0,20,51,0,-20
32,100,20,60,moving_belt,red,FALSE,TRUE,joint 1 -,FALSE,03:12.4,16.69,0.153,236.8,292.822052,106.5785141,84.95825195,0,20,51,0,-20
32,100,20,60,moving_belt,red,FALSE,TRUE,joint 1 -,FALSE,03:13.1,16.69,0.152,236.8,292.822052,106.5785141,84.95825195,0,20,51,0,-20
32,100,20,60,go_to_pick_down,red,TRUE,FALSE,joint 3 +,FALSE,03:14.5,16.443,0.152,236.8,292.8143616,106.5757141,83.40658569,0,20,51,0.649599969,-20
32,100,20,60,go_to_pick_down,red,TRUE,FALSE,joint 3 +,FALSE,03:15.1,16.006,0.149,236.8,292.3847961,106.4193726,73.2713089,0,20,51,4.681599617,-20
32,100,20,60,go_to_pick_down,red,TRUE,FALSE,joint 3 +,FALSE,03:15.8,16.006,0.149,236.8,289.1853638,105.2548676,51.44963074,0,20,51,13.3436327,-20
32,100,20,60,go_to_pick_down,red,TRUE,FALSE,joint 3 +,FALSE,03:17.2,15.93,0.149,236.8,284.9075317,103.6978607,35.91469193,0,20,51,19.57806206,-20
32,100,20,60,go_to_pick_down,red,TRUE,FALSE,joint 3 +,FALSE,03:17.9,15.987,0.149,236.8,282.8101501,102.9344788,30.01379013,0,20,51,21.96045876,-20
32,100,20,60,go_to_pick_up_from_pick_down,red,TRUE,FALSE,joint 3 -,TRUE,03:18.8,16.063,0.149,236.8,284.0276184,103.3776093,33.34513855,0,20,51,20.4864006,-20
32,100,20,60,go_to_pick_up_from_pick_down,red,TRUE,FALSE,joint 3 -,TRUE,03:20.2,22.443,0.184,236.8,287.831604,104.7621384,45.80278778,0,20,51,15.30239964,-20
32,100,20,60,go_to_pick_up_from_pick_down,red,TRUE,FALSE,joint 3 -,TRUE,03:20.9,21.741,0.184,236.8,291.6789551,106.1624603,66.08610535,0,20,51,7.223268032,-20
32,100,20,60,go_to_pick_up_from_pick_down,red,TRUE,FALSE,joint 3 -,TRUE,03:22.2,21.722,0.192,236.8,292.7800598,106.5632324,81.33413696,0,20,51,1.346271634,-20
32,100,20,60,go_to_color_detect_up_from_pick_up,red,TRUE,FALSE,joint 1 +,TRUE,03:22.9,21.817,0.192,236.8,292.8041992,106.6275787,84.95825195,0.009601593,20.01600075,51,0,-20
32,100,20,60,go_to_color_detect_up_from_pick_up,red,TRUE,FALSE,joint 1 +,TRUE,03:24.3,21.741,0.19,236.8,288.6757202,117.3458557,84.95825195,2.121599197,22.20479965,51,0,-20
32,100,20,60,go_to_color_detect_up_from_pick_up,red,TRUE,FALSE,joint 1 +,TRUE,03:25.0,21.741,0.19,236.8,272.7971191,150.6169434,84.95825195,8.904001236,29.07360077,51,0,-20
32,100,20,60,go_to_color_detect_up_from_pick_up,red,TRUE,FALSE,joint 1 +,TRUE,03:26.4,21.798,0.191,236.8,242.6840363,195.469162,84.95825195,18.84960556,39.09600449,51,0,-20
32,100,20,60,go_to_color_detect_up_from_pick_up,red,TRUE,FALSE,joint 1 +,TRUE,03:27.1,21.817,0.191,236.8,197.562973,240.9825745,84.95825195,30.65431976,50.86777496,51,0,-20
32,100,20,60,go_to_color_detect_up_from_pick_up,red,TRUE,FALSE,joint 1 +,TRUE,03:28.4,21.798,0.191,236.8,156.3187714,269.570343,84.95825195,39.89136124,60.01841736,51,0,-20
32,100,20,60,go_to_color_detect_up_from_pick_up,red,TRUE,FALSE,joint 1 +,TRUE,03:29.1,21.874,0.191,236.8,135.6965485,280.5177002,84.95825195,44.18526459,64.23551941,51,0,-20
32,100,20,60,go_to_color_detect_down,red,TRUE,FALSE,joint 3 +,TRUE,03:30.5,21.722,0.19,236.8,131.6938171,282.4182739,84.52722931,45,65,51,0.192000031,-20
32,100,20,60,go_to_color_detect_down,red,TRUE,FALSE,joint 3 +,TRUE,03:31.1,21.703,0.19,236.8,131.5608063,282.1330261,75.33477783,45,65,51,3.86400032,-20
32,100,20,60,go_to_color_detect_down,red,TRUE,FALSE,joint 3 +,TRUE,03:31.8,21.646,0.189,236.8,130.5819397,280.033844,57.26804733,45,65,51,11.04480076,-20
32,100,20,60,go_to_color_detect_down,red,TRUE,FALSE,joint 3 +,TRUE,03:33.2,21.684,0.189,236.8,127.3122711,273.0220337,30.72945786,45,65,51,21.91200066,-20
32,100,20,60,go_to_color_detect_down,red,TRUE,FALSE,joint 3 +,TRUE,03:33.9,21.57,0.189,236.8,120.514122,258.4433594,0.829376221,45,65,51,35.11499023,-20
32,100,20,60,go_to_color_detect_down,red,TRUE,FALSE,joint 3 +,TRUE,03:35.3,21.494,0.189,236.8,115.0846481,246.7998199,-15.0916214,45,65,51,43.01848984,-20
32,100,20,60,go_to_color_detect_down,red,TRUE,FALSE,joint 3 +,TRUE,03:36.0,21.703,0.189,236.8,111.7910538,239.7366791,-22.8744812,45,65,51,47.23559189,-20
32,100,20,60,go_to_color_detect_up_from_color_detect_down,red,TRUE,FALSE,joint 3 -,FALSE,03:37.4,21.703,0.189,236.8,111.2393112,238.5534668,-24.06954956,45,65,51,47.85440063,-20
32,100,20,60,go_to_color_detect_up_from_color_detect_down,red,TRUE,FALSE,joint 3 -,FALSE,03:38.1,21.703,0.189,236.8,113.9083557,244.2772369,-18.0065918,45,65,51,44.35520172,-20
32,100,20,60,go_to_color_detect_up_from_color_detect_down,red,TRUE,FALSE,joint 3 -,FALSE,03:38.8,16.12,0.149,236.8,118.8482437,254.8708801,-4.554115295,45,65,51,37.32800293,-20
32,100,20,60,go_to_color_detect_up_from_color_detect_down,red,TRUE,FALSE,joint 3 -,FALSE,03:40.2,16.139,0.149,236.8,124.984169,268.0293884,18.50709534,45,65,51,26.61440086,-20
32,100,20,60,go_to_color_detect_up_from_color_detect_down,red,TRUE,FALSE,joint 3 -,FALSE,03:40.9,16.139,0.151,236.8,130.0292358,278.8486023,51.15510941,45,65,51,13.08886909,-20
32,100,20,60,go_to_color_detect_up_from_color_detect_down,red,TRUE,FALSE,joint 3 -,FALSE,03:42.3,16.253,0.151,236.8,131.4347229,281.8626404,71.5401535,45,65,51,5.108567238,-20
32,100,20,60,go_to_color_detect_up_from_color_detect_down,red,TRUE,FALSE,joint 3 -,FALSE,03:43.0,16.253,0.149,236.8,131.6869659,282.403595,82.73516083,45,65,51,0.814665794,-20
32,100,20,60,detecting_color,red,FALSE,FALSE,detecting_color,FALSE,03:43.7,15.987,0.149,236.8,131.6940765,282.4188232,84.95825195,45,65,51,0,-20
32,100,20,60,detecting_color,red,FALSE,FALSE,detecting_color,FALSE,03:45.2,16.006,0.149,236.8,131.6940765,282.4188232,84.95825195,45,65,51,0,-20
32,100,20,60,detecting_color,red,FALSE,FALSE,detecting_color,FALSE,03:45.9,16.006,0.149,236.8,131.6940765,282.4188232,84.95825195,45,65,51,0,-20
32,100,20,60,detecting_color,red,FALSE,FALSE,detecting_color,FALSE,03:47.3,16.101,0.149,236.8,131.6940765,282.4188232,84.95825195,45,65,51,0,-20
32,100,20,60,detecting_color,red,FALSE,FALSE,detecting_color,FALSE,03:48.0,16.044,0.149,236.8,131.6940765,282.4188232,84.95825195,45,65,51,0,-20
32,100,20,60,detecting_color,red,FALSE,FALSE,detecting_color,FALSE,03:49.4,16.044,0.149,236.8,131.6940765,282.4188232,84.95825195,45,65,51,0,-20
32,100,20,60,go_to_color_detect_down,red,TRUE,FALSE,joint 3 +,FALSE,03:50.1,16.063,0.149,236.8,131.693634,282.4179077,84.39997101,45,65,51,0.244800031,-20
32,100,20,60,go_to_color_detect_down,red,TRUE,FALSE,joint 3 +,FALSE,03:51.5,16.082,0.149,236.8,131.5893097,282.1941528,76.42462158,45,65,51,3.432000399,-20
32,100,20,60,go_to_color_detect_down,red,TRUE,FALSE,joint 3 +,FALSE,03:52.2,16.082,0.148,236.8,130.50383,279.8663635,56.32124329,45,65,51,11.42400074,-20
32,100,20,60,go_to_color_detect_down,red,TRUE,FALSE,joint 3 +,FALSE,03:52.9,16.025,0.148,236.8,127.0979691,272.5624695,29.46886826,45,65,51,22.44480133,-20
32,100,20,60,go_to_color_detect_down,red,TRUE,FALSE,joint 3 +,FALSE,03:54.3,16.063,0.148,236.8,121.0246658,259.538208,2.587432861,45,65,51,34.28996277,-20
32,100,20,60,go_to_color_detect_down,red,TRUE,FALSE,joint 3 +,FALSE,03:55.0,16.006,0.148,236.8,114.8978577,246.3992462,-15.56529236,45,65,51,43.26780319,-20
32,100,20,60,go_to_color_detect_down,red,TRUE,FALSE,joint 3 +,FALSE,03:55.7,16.006,0.148,236.8,111.7123337,239.5678558,-23.04679871,45,65,51,47.33130646,-20
32,100,20,60,go_to_color_detect_up_from_color_detect_down,red,TRUE,FALSE,joint 3 -,TRUE,03:57.2,16.101,0.149,236.8,111.2933273,238.6692963,-23.9538269,45,65,51,47.78240204,-20
32,100,20,60,go_to_color_detect_up_from_color_detect_down,red,TRUE,FALSE,joint 3 -,TRUE,03:57.9,17.013,0.149,236.8,114.1555328,244.807312,-17.40724182,45,65,51,44.02400208,-20
32,100,20,60,go_to_color_detect_up_from_color_detect_down,red,TRUE,FALSE,joint 3 -,TRUE,03:59.3,21.817,0.191,236.8,119.2135391,255.6542358,-3.416740417,45,65,51,36.7664032,-20
32,100,20,60,go_to_color_detect_up_from_color_detect_down,red,TRUE,FALSE,joint 3 -,TRUE,04:00.0,21.817,0.191,236.8,125.364769,268.8456116,20.31483459,45,65,51,25.82240105,-20
32,100,20,60,go_to_color_detect_up_from_color_detect_down,red,TRUE,FALSE,joint 3 -,TRUE,04:01.4,22.026,0.191,236.8,130.1297455,279.0641174,52.17796707,45,65,51,12.68275642,-20
32,100,20,60,go_to_color_detect_up_from_color_detect_down,red,TRUE,FALSE,joint 3 -,TRUE,04:02.1,21.912,0.191,236.8,131.4594116,281.9156189,72.19361115,45,65,51,4.856054783,-20
32,100,20,60,go_to_color_detect_up_from_color_detect_down,red,TRUE,FALSE,joint 3 -,TRUE,04:03.4,21.817,0.191,236.8,131.6885529,282.4069824,82.99711609,45,65,51,0.715753198,-20
