cube/weight,arm/velocity_ratio,arm/acceleration_ratio,belt/speed,dobot/operation,dobot/color,dobot/moving_arm,dobot/moving_belt,dobot/operation2,dobot/suction,meross/sample_timestamp,meross/power,meross/current,meross/voltage,dobot/pose_x,dobot/pose_y,dobot/pose_z,dobot/pose_rHead,dobot/pose_joint1Angle,dobot/pose_joint2Angle,dobot/pose_joint3Angle,dobot/pose_joint4Angle
32,100,100,30,homing,,,,homing,,,,,,160.67271423339844,53.1192626953125,83.14178466796875,-1.7058372497558594,17.894163131713867,-12.484983444213867,19.3331298828125,-20.0
32,100,100,30,homing,,,,homing,,,,,,169.2046661376953,-2.675297498703003,83.14178466796875,-20.90582847595215,-1.3058289289474487,-12.484983444213867,19.3331298828125,-20.0
32,100,100,30,homing,,,,homing,,,,,,156.3376922607422,-64.77578735351562,83.14178466796875,-42.50581741333008,-22.90581703186035,-12.484983444213867,19.3331298828125,-20.0
32,100,100,30,homing,,,,homing,,2024-03-04 15:27:32.591462,16.424,0.154,236.8,126.33897399902344,-112.5870361328125,83.14178466796875,-61.70584487915039,-42.1058464050293,-12.484983444213867,19.3331298828125,-20.0
32,100,100,30,homing,,,,homing,,2024-03-04 15:27:33.325018,16.386,0.155,236.8,82.28522491455078,-147.87332153320312,83.14178466796875,-80.90591430664062,-61.3059196472168,-12.484983444213867,19.3331298828125,-20.0
32,100,100,30,homing,,,,homing,,2024-03-04 15:27:34.797707,16.253,0.155,236.8,22.070829391479492,-167.78038024902344,83.14178466796875,-102.50599670410156,-82.90599822998047,-12.484983444213867,19.3331298828125,-20.0
32,100,100,30,homing,,,,homing,,2024-03-04 15:27:35.494394,16.424,0.16,236.8,-34.334407806396484,-165.70614624023438,83.14178466796875,-121.70606994628906,-102.10607147216797,-12.484983444213867,19.3331298828125,-20.0
32,100,100,30,homing,,,,homing,,2024-03-04 15:27:36.880947,16.386,0.16,236.8,-86.91999816894531,-145.19741821289062,83.14178466796875,-140.90614318847656,-121.30614471435547,-12.484983444213867,19.3331298828125,-20.0
32,100,100,30,homing,,,,homing,,2024-03-04 15:27:37.578279,16.386,0.158,236.8,-122.1526870727539,-117.1157455444336,83.14178466796875,-156.2059783935547,-136.18597412109375,-12.484983444213867,19.3331298828125,-20.0
32,100,100,30,homing,,,,homing,,2024-03-04 15:27:38.964731,16.234,0.158,235.0,-120.17291259765625,-119.14632415771484,83.14178466796875,-155.2457733154297,-135.22576904296875,-12.484983444213867,19.3331298828125,-20.0
32,100,100,30,homing,,,,homing,,2024-03-04 15:27:39.651381,16.234,0.159,235.0,-91.52255249023438,-149.2522735595703,80.85234832763672,-140.3244171142578,-120.94091033935547,-9.240209579467773,20.925323486328125,-18.756763458251953
32,100,100,30,homing,,,,homing,,2024-03-04 15:27:40.346676,16.5,0.159,236.8,2.8906569480895996,-195.52369689941406,69.79088592529297,-103.70748901367188,-88.55299377441406,2.00888991355896,26.445180892944336,-14.44666862487793
32,100,100,30,homing,,,,homing,,2024-03-04 15:27:41.726576,16.842,0.163,236.8,110.2065658569336,-193.62918090820312,45.65229797363281,-68.69026947021484,-59.75306701660156,18.299381256103516,34.43882369995117,-8.204963684082031
32,100,100,30,homing,,,,homing,,2024-03-04 15:27:42.422026,16.842,0.163,236.8,207.07652282714844,-124.1937255859375,18.56310272216797,-34.0538215637207,-30.35313606262207,31.83119010925293,41.07879638671875,-3.0202476978302
32,100,100,30,homing,,,,homing,,2024-03-04 15:27:43.800133,16.633,0.163,236.8,248.02655029296875,-21.276052474975586,2.6875076293945312,-5.335042476654053,-4.565849304199219,38.66351318359375,44.431373596191406,-0.4024410843849182
32,100,100,30,homing,,,,homing,,2024-03-04 15:27:44.485894,16.633,0.16,236.8,249.4939727783203,0.00017929644673131406,-0.13228607177734375,4.117506250622682e-05,4.117506250622682e-05,39.64948272705078,45.0418815612793,0.0
32,100,100,30,homing,,,,homing,,2024-03-04 15:27:45.874138,16.196,0.16,236.8,249.35662841796875,0.00017919775564223528,-2.1785430908203125,4.117506250622682e-05,4.117506250622682e-05,40.158935546875,45.72237777709961,0.0
32,100,100,30,homing,,,,homing,,2024-03-04 15:27:46.566252,16.424,0.156,236.8,249.99998474121094,0.00017966009909287095,-7.62939453125e-06,4.117506250622682e-05,4.117506250622682e-05,39.71385955810547,44.94676971435547,0.0
32,100,100,30,homing,,,,homing,,2024-03-04 15:27:47.939957,16.348,0.156,236.8,250.1171112060547,0.00017974426737055182,-0.0111236572265625,4.117506250622682e-05,4.117506250622682e-05,39.72402572631836,44.93994903564453,0.0
32,100,100,30,homing,,,,homing,,2024-03-04 15:27:48.632059,16.348,0.157,236.8,249.99998474121094,0.00017966009909287095,-7.62939453125e-06,4.117506250622682e-05,4.117506250622682e-05,39.71385955810547,44.94676971435547,0.0
32,100,100,30,homing,,,,homing,,2024-03-04 15:27:49.329171,16.253,0.157,236.8,249.99998474121094,0.00017966009909287095,-7.62939453125e-06,4.117506250622682e-05,4.117506250622682e-05,39.71385955810547,44.94676971435547,0.0
32,100,100,30,homing,,,,homing,,2024-03-04 15:27:50.705561,16.367,0.157,236.8,249.99998474121094,0.00017966009909287095,-7.62939453125e-06,4.117506250622682e-05,4.117506250622682e-05,39.71385955810547,44.94676971435547,0.0
32,100,100,30,homing,,,,homing,,2024-03-04 15:27:51.405634,16.215,0.157,236.8,249.99998474121094,0.00017966009909287095,-7.62939453125e-06,4.117506250622682e-05,4.117506250622682e-05,39.71385955810547,44.94676971435547,0.0
32,100,100,30,homing,,,,homing,,2024-03-04 15:27:52.785110,16.253,0.157,236.8,249.99998474121094,0.00017966009909287095,-7.62939453125e-06,4.117506250622682e-05,4.117506250622682e-05,39.71385955810547,44.94676971435547,0.0
32,100,100,30,homing,,,,homing,,2024-03-04 15:27:53.473855,16.253,0.157,236.8,257.07147216796875,28.843198776245117,18.2596435546875,4.100799560546875e-05,6.826563358306885,37.313690185546875,36.70247268676758,-6.826522350311279
32,100,100,30,go_to_pick_up_from_homing,nothing,,,go_to_pick_up_from_homing,,2024-03-04 15:27:54.890929,16.253,0.163,236.8,275.39691162109375,103.0971908569336,65.35858917236328,4.1961669921875e-05,20.517555236816406,42.687896728515625,13.227081298828125,-20.517513275146484
32,100,100,30,moving_belt,nothing,false,true,go_to_pick_up_from_homing,,2024-03-04 15:27:55.581174,17.07,0.163,236.8,292.8220520019531,106.5785140991211,84.958251953125,0.0,20.0,51.0,0.0,-20.0
32,100,100,30,moving_belt,nothing,false,true,go_to_pick_up_from_homing,,2024-03-04 15:27:56.973781,16.766,0.163,236.8,292.8220520019531,106.5785140991211,84.958251953125,0.0,20.0,51.0,0.0,-20.0
32,100,100,30,moving_belt,nothing,false,true,go_to_pick_up_from_homing,,2024-03-04 15:27:57.661877,17.867,0.169,236.8,292.8220520019531,106.5785140991211,84.958251953125,0.0,20.0,51.0,0.0,-20.0
32,100,100,30,moving_belt,nothing,false,true,go_to_pick_up_from_homing,,2024-03-04 15:27:58.354615,17.867,0.169,236.8,292.8220520019531,106.5785140991211,84.958251953125,0.0,20.0,51.0,0.0,-20.0
32,100,100,30,moving_belt,nothing,false,true,go_to_pick_up_from_homing,,2024-03-04 15:27:59.745076,17.696,0.169,236.8,292.8220520019531,106.5785140991211,84.958251953125,0.0,20.0,51.0,0.0,-20.0
32,100,100,30,moving_belt,nothing,false,true,go_to_pick_up_from_homing,,2024-03-04 15:28:00.438596,17.696,0.169,236.8,292.8220520019531,106.5785140991211,84.958251953125,0.0,20.0,51.0,0.0,-20.0
32,100,100,30,moving_belt,nothing,false,true,go_to_pick_up_from_homing,,2024-03-04 15:28:01.817924,17.582,0.167,236.8,292.8220520019531,106.5785140991211,84.958251953125,0.0,20.0,51.0,0.0,-20.0
32,100,100,30,moving_belt,nothing,false,true,go_to_pick_up_from_homing,,2024-03-04 15:28:02.506527,17.639,0.167,236.8,292.8220520019531,106.5785140991211,84.958251953125,0.0,20.0,51.0,0.0,-20.0
32,100,100,30,moving_belt,nothing,false,true,go_to_pick_up_from_homing,,2024-03-04 15:28:03.894902,17.677,0.169,236.8,292.8220520019531,106.5785140991211,84.958251953125,0.0,20.0,51.0,0.0,-20.0
32,100,100,30,go_to_pick_down,nothing,true,false,joint 3 +,,2024-03-04 15:28:04.586669,17.658,0.169,236.8,292.19989013671875,106.35206604003906,71.02216339111328,0.0,20.0,51.0,6.119999885559082,-20.0
32,100,100,30,go_to_pick_up_from_pick_down,nothing,true,false,joint 3 -,true,2024-03-04 15:28:05.967817,16.538,0.168,236.8,286.6444396972656,104.33004760742188,41.48917770385742,0.0,20.0,51.0,16.55999755859375,-20.0
32,100,100,30,go_to_color_detect_up_from_pick_up,nothing,true,false,joint 1 +,true,2024-03-04 15:28:06.661460,23.791,0.168,236.8,274.1114196777344,148.21151733398438,84.958251953125,8.400001525878906,29.240001678466797,51.0,0.0,-20.0
32,100,100,30,go_to_color_detect_down,nothing,true,false,joint 3 +,true,2024-03-04 15:28:07.348640,22.633,0.168,236.8,131.69407653808594,282.4188232421875,84.958251953125,45.0,65.0,51.0,0.0,-20.0
32,100,100,30,go_to_color_detect_down,nothing,true,false,joint 3 +,true,2024-03-04 15:28:08.725095,22.614,0.208,236.8,118.77991485595703,254.72433471679688,-4.7643280029296875,45.0,65.0,51.0,38.50665283203125,-20.0
32,100,100,30,go_to_color_detect_up_from_color_detect_down,nothing,true,false,joint 3 -,false,2024-03-04 15:28:09.422736,22.405,0.208,236.8,121.74224090576172,261.0770568847656,5.154693603515625,45.0,65.0,51.0,31.76000213623047,-20.0
32,100,100,30,detecting_color,nothing,false,false,detecting_color,false,2024-03-04 15:28:10.818241,18.627,0.166,236.8,131.69407653808594,282.4188232421875,84.958251953125,45.0,65.0,51.0,-4.656612873077393e-10,-20.0
32,100,100,30,detecting_color,nothing,false,false,detecting_color,false,2024-03-04 15:28:11.504662,16.709,0.166,236.8,131.69407653808594,282.4188232421875,84.958251953125,45.0,65.0,51.0,-4.656612873077393e-10,-20.0
32,100,100,30,go_to_color_detect_down,nothing,true,false,joint 3 +,false,2024-03-04 15:28:12.892038,16.424,0.159,236.8,127.52101135253906,273.4696960449219,31.990859985351562,45.0,65.0,51.0,22.43999481201172,-20.0
32,100,100,30,go_to_color_detect_up_from_color_detect_down,nothing,true,false,joint 3 -,true,2024-03-04 15:28:13.583077,16.424,0.159,236.8,112.03331756591797,240.25621032714844,-22.340538024902344,45.0,65.0,51.0,46.55999755859375,-20.0
32,100,100,30,go_to_color_detect_up_from_color_detect_down,nothing,true,false,joint 3 -,true,2024-03-04 15:28:14.776258,16.291,0.159,236.8,131.68008422851562,282.38885498046875,81.8401870727539,45.0,65.0,51.0,0.9241280555725098,-20.0
32,100,100,30,go_to_red_up,red,true,false,joint 1 +,true,2024-03-04 15:28:15.463092,23.545,0.213,236.8,-16.96043586730957,311.15283203125,84.958251953125,73.12001037597656,94.64000701904297,51.0,-4.656612873077393e-10,-20.0
32,100,100,30,go_to_pick_up_from_red,red,true,false,joint 1 -,false,2024-03-04 15:28:16.868667,22.975,0.21,236.8,-174.9734649658203,257.8526916503906,84.958251953125,104.15999603271484,123.87999725341797,51.0,-4.656612873077393e-10,-20.0
32,100,100,30,go_to_pick_up_from_red,red,true,false,joint 1 -,false,2024-03-04 15:28:17.558531,18.399,0.21,235.0,169.80877685546875,261.2828063964844,84.958251953125,36.9799919128418,55.279991149902344,51.0,-4.656612873077393e-10,-20.0
32,100,100,30,moving_belt,red,false,true,joint 1 -,false,2024-03-04 15:28:18.934218,16.443,0.159,235.0,292.8220520019531,106.5785140991211,84.958251953125,0.0,20.0,51.0,-4.656612873077393e-10,-20.0
32,100,100,30,moving_belt,red,false,true,joint 1 -,false,2024-03-04 15:28:19.625302,16.443,0.159,235.0,292.8220520019531,106.5785140991211,84.958251953125,0.0,20.0,51.0,-4.656612873077393e-10,-20.0
32,100,100,30,moving_belt,red,false,true,joint 1 -,false,2024-03-04 15:28:20.313599,17.791,0.159,236.8,292.8220520019531,106.5785140991211,84.958251953125,0.0,20.0,51.0,-4.656612873077393e-10,-20.0
32,100,100,30,moving_belt,red,false,true,joint 1 -,false,2024-03-04 15:28:21.728813,17.658,0.169,236.8,292.8220520019531,106.5785140991211,84.958251953125,0.0,20.0,51.0,-4.656612873077393e-10,-20.0
32,100,100,30,moving_belt,red,false,true,joint 1 -,false,2024-03-04 15:28:22.416066,17.506,0.169,236.8,292.8220520019531,106.5785140991211,84.958251953125,0.0,20.0,51.0,-4.656612873077393e-10,-20.0
32,100,100,30,moving_belt,red,false,true,joint 1 -,false,2024-03-04 15:28:23.822564,17.677,0.169,236.8,292.8220520019531,106.5785140991211,84.958251953125,0.0,20.0,51.0,-4.656612873077393e-10,-20.0
32,100,100,30,moving_belt,red,false,true,joint 1 -,false,2024-03-04 15:28:24.510264,17.696,0.169,236.8,292.8220520019531,106.5785140991211,84.958251953125,0.0,20.0,51.0,-4.656612873077393e-10,-20.0
32,100,100,30,moving_belt,red,false,true,joint 1 -,false,2024-03-04 15:28:25.904717,17.734,0.169,236.8,292.8220520019531,106.5785140991211,84.958251953125,0.0,20.0,51.0,-4.656612873077393e-10,-20.0
32,100,100,30,moving_belt,red,false,true,joint 1 -,false,2024-03-04 15:28:26.591412,17.734,0.169,236.8,292.8220520019531,106.5785140991211,84.958251953125,0.0,20.0,51.0,-4.656612873077393e-10,-20.0
32,100,100,30,go_to_pick_down,red,true,false,joint 3 +,false,2024-03-04 15:28:27.991657,17.658,0.169,236.8,292.795654296875,106.56890869140625,82.08492279052734,0.0,20.0,51.0,1.440000057220459,-20.0
32,100,100,30,go_to_pick_up_from_pick_down,red,true,false,joint 3 -,true,2024-03-04 15:28:28.679405,17.658,0.169,236.8,285.0111389160156,103.7355728149414,36.227386474609375,0.0,20.0,51.0,18.87999725341797,-20.0
32,100,100,30,go_to_color_detect_up_from_pick_up,red,true,false,joint 1 +,true,2024-03-04 15:28:29.367067,16.975,0.169,236.8,288.514892578125,117.74076843261719,84.958251953125,2.200002670288086,22.640003204345703,51.0,0.0,-20.0
32,100,100,30,go_to_color_detect_up_from_pick_up,red,true,false,joint 1 +,true,2024-03-04 15:28:30.764662,23.146,0.213,236.8,138.93450927734375,278.9281921386719,84.958251953125,43.52204132080078,63.84532165527344,51.0,0.0,-20.0
32,100,100,30,go_to_color_detect_down,red,true,false,joint 3 +,true,2024-03-04 15:28:31.455421,22.766,0.213,236.8,124.52679443359375,267.0485534667969,16.41339874267578,45.0,65.0,51.0,29.045120239257812,-20.0
32,100,100,30,go_to_color_detect_up_from_color_detect_down,red,true,false,joint 3 -,false,2024-03-04 15:28:32.841325,22.083,0.205,236.8,116.34143829345703,249.49501037597656,-11.791847229003906,45.0,65.0,51.0,40.39999771118164,-20.0
32,100,100,30,go_to_color_detect_up_from_color_detect_down,red,true,false,joint 3 -,false,2024-03-04 15:28:33.529917,22.083,0.205,236.8,131.69383239746094,282.4183349609375,84.55030822753906,45.0,65.0,51.0,0.06772007793188095,-20.0
32,100,100,30,detecting_color,red,false,false,detecting_color,false,2024-03-04 15:28:34.957356,17.146,0.164,236.8,131.69407653808594,282.4188232421875,84.958251953125,45.0,65.0,51.0,-4.656612873077393e-10,-20.0
32,100,100,30,go_to_color_detect_down,red,true,false,joint 3 +,false,2024-03-04 15:28:35.644627,16.272,0.164,236.8,131.56875610351562,282.15008544921875,75.62562561035156,45.0,65.0,51.0,4.1999993324279785,-20.0
32,100,100,30,go_to_color_detect_down,red,true,false,joint 3 +,false,2024-03-04 15:28:37.031886,16.177,0.157,236.8,111.1933822631836,238.45497131347656,-24.167709350585938,45.0,65.0,51.0,47.98356246948242,-20.0
32,100,100,30,go_to_color_detect_up_from_color_detect_down,red,true,false,joint 3 -,true,2024-03-04 15:28:37.718759,18.323,0.157,236.8,130.0281982421875,278.8463439941406,51.144752502441406,45.0,65.0,51.0,12.287192344665527,-20.0
32,100,100,30,go_to_green_up,green,true,false,joint 1 +,true,2024-03-04 15:28:38.413320,23.507,0.213,236.8,89.02467346191406,298.62744140625,84.958251953125,53.40000915527344,74.24000549316406,51.0,-4.656612873077393e-10,-20.0
32,100,100,30,go_to_pick_up_from_green,green,true,false,joint 1 -,false,2024-03-04 15:28:39.846409,22.443,0.213,236.8,-73.06226348876953,302.928466796875,84.958251953125,83.55999755859375,103.19999694824219,51.0,-4.656612873077393e-10,-20.0
32,100,100,30,go_to_pick_up_from_green,green,true,false,joint 1 -,false,2024-03-04 15:28:40.534419,21.247,0.184,236.8,218.48416137695312,222.19000244140625,84.958251953125,25.481815338134766,44.073997497558594,51.0,-4.656612873077393e-10,-20.0
32,100,100,30,moving_belt,green,false,true,joint 1 -,false,2024-03-04 15:28:41.909591,16.519,0.184,236.8,292.8220520019531,106.5785140991211,84.958251953125,0.0,20.0,51.0,-4.656612873077393e-10,-20.0
32,100,100,30,moving_belt,green,false,true,joint 1 -,false,2024-03-04 15:28:42.600723,17.715,0.168,236.8,292.8220520019531,106.5785140991211,84.958251953125,0.0,20.0,51.0,-4.656612873077393e-10,-20.0
32,100,100,30,moving_belt,green,false,true,joint 1 -,false,2024-03-04 15:28:43.982346,17.582,0.168,236.8,292.8220520019531,106.5785140991211,84.958251953125,0.0,20.0,51.0,-4.656612873077393e-10,-20.0
32,100,100,30,moving_belt,green,false,true,joint 1 -,false,2024-03-04 15:28:44.696076,17.582,0.169,236.8,292.8220520019531,106.5785140991211,84.958251953125,0.0,20.0,51.0,-4.656612873077393e-10,-20.0
32,100,100,30,moving_belt,green,false,true,joint 1 -,false,2024-03-04 15:28:45.385463,17.487,0.169,236.8,292.8220520019531,106.5785140991211,84.958251953125,0.0,20.0,51.0,-4.656612873077393e-10,-20.0
32,100,100,30,moving_belt,green,false,true,joint 1 -,false,2024-03-04 15:28:46.776009,17.582,0.169,236.8,292.8220520019531,106.5785140991211,84.958251953125,0.0,20.0,51.0,-4.656612873077393e-10,-20.0
32,100,100,30,moving_belt,green,false,true,joint 1 -,false,2024-03-04 15:28:47.485560,17.677,0.169,236.8,292.8220520019531,106.5785140991211,84.958251953125,0.0,20.0,51.0,-4.656612873077393e-10,-20.0
32,100,100,30,moving_belt,green,false,true,joint 1 -,false,2024-03-04 15:28:48.869472,17.753,0.169,236.8,292.8220520019531,106.5785140991211,84.958251953125,0.0,20.0,51.0,-4.656612873077393e-10,-20.0
32,100,100,30,moving_belt,green,false,true,joint 1 -,false,2024-03-04 15:28:49.594481,17.677,0.166,236.8,292.8220520019531,106.5785140991211,84.958251953125,0.0,20.0,51.0,-4.656612873077393e-10,-20.0
32,100,100,30,go_to_pick_down,green,true,false,joint 3 +,false,2024-03-04 15:28:50.975728,17.734,0.166,236.8,291.6086120605469,106.13685607910156,65.51656341552734,0.0,20.0,51.0,8.399999618530273,-20.0
32,100,100,30,go_to_pick_up_from_pick_down,green,true,false,joint 3 -,true,2024-03-04 15:28:51.683369,17.734,0.157,236.8,288.0148620605469,104.82884216308594,46.5154914855957,0.0,20.0,51.0,14.399996757507324,-20.0
32,100,100,30,go_to_color_detect_up_from_pick_up,green,true,false,joint 1 +,true,2024-03-04 15:28:52.397521,16.785,0.157,236.8,281.399169921875,133.8590087890625,84.958251953125,5.44000244140625,26.12000274658203,51.0,0.0,-20.0
32,100,100,30,go_to_color_detect_down,green,true,false,joint 3 +,true,2024-03-04 15:28:53.808192,22.481,0.204,236.8,131.69407653808594,282.4188232421875,84.958251953125,45.0,65.0,51.0,0.0,-20.0
32,100,100,30,go_to_color_detect_down,green,true,false,joint 3 +,true,2024-03-04 15:28:54.505185,22.481,0.204,236.8,118.18413543701172,253.44668579101562,-6.56475830078125,45.0,65.0,51.0,39.357933044433594,-20.0
32,100,100,30,go_to_color_detect_up_from_color_detect_down,green,true,false,joint 3 -,false,2024-03-04 15:28:55.886381,22.064,0.2,236.8,123.04268646240234,263.8658752441406,10.129165649414062,45.0,65.0,51.0,29.40000343322754,-20.0
32,100,100,30,detecting_color,green,false,false,detecting_color,false,2024-03-04 15:28:56.585179,22.064,0.2,236.8,131.69407653808594,282.4188232421875,84.958251953125,45.0,65.0,51.0,-4.656612873077393e-10,-20.0
32,100,100,30,detecting_color,green,false,false,detecting_color,false,2024-03-04 15:28:57.985444,16.272,0.156,236.8,131.69407653808594,282.4188232421875,84.958251953125,45.0,65.0,51.0,-4.656612873077393e-10,-20.0
32,100,100,30,go_to_color_detect_down,green,true,false,joint 3 +,false,2024-03-04 15:28:58.703268,16.272,0.156,236.8,128.006591796875,274.5110168457031,35.067237854003906,45.0,65.0,51.0,21.1199951171875,-20.0
32,100,100,30,go_to_color_detect_up_from_color_detect_down,green,true,false,joint 3 -,true,2024-03-04 15:28:59.395467,16.196,0.156,236.8,112.03331756591797,240.25621032714844,-22.340538024902344,45.0,65.0,51.0,46.55999755859375,-20.0
32,100,100,30,go_to_color_detect_up_from_color_detect_down,green,true,false,joint 3 -,true,2024-03-04 15:28:59.395467,16.196,0.156,236.8,131.68008422851562,282.38885498046875,81.8401870727539,45.0,65.0,51.0,0.9241280555725098,-20.0
32,100,100,30,go_to_blue_up,blue,true,false,joint 1 +,true,2024-03-04 15:29:02.005242,23.241,0.203,236.8,32.82779312133789,309.8807373046875,84.958251953125,63.95281982421875,84.22167205810547,51.0,-4.656612873077393e-10,-20.0
32,100,100,30,go_to_pick_up_from_blue,blue,true,false,joint 1 -,false,2024-03-04 15:29:02.699428,22.196,0.203,236.8,177.1275177001953,256.3777770996094,84.958251953125,35.3599967956543,53.79999542236328,51.0,-4.656612873077393e-10,-20.0
32,100,100,30,moving_belt,blue,false,true,joint 1 -,false,2024-03-04 15:29:03.433465,16.538,0.203,236.8,292.8220520019531,106.5785140991211,84.958251953125,0.0,20.0,51.0,-4.656612873077393e-10,-20.0
32,100,100,30,moving_belt,blue,false,true,joint 1 -,false,2024-03-04 15:29:04.836167,16.785,0.158,236.8,292.8220520019531,106.5785140991211,84.958251953125,0.0,20.0,51.0,-4.656612873077393e-10,-20.0
32,100,100,30,moving_belt,blue,false,true,joint 1 -,false,2024-03-04 15:29:05.526615,16.785,0.158,236.8,292.8220520019531,106.5785140991211,84.958251953125,0.0,20.0,51.0,-4.656612873077393e-10,-20.0
32,100,100,30,moving_belt,blue,false,true,joint 1 -,false,2024-03-04 15:29:06.907220,17.696,0.167,236.8,292.8220520019531,106.5785140991211,84.958251953125,0.0,20.0,51.0,-4.656612873077393e-10,-20.0
32,100,100,30,moving_belt,blue,false,true,joint 1 -,false,2024-03-04 15:29:07.595681,17.696,0.167,236.8,292.8220520019531,106.5785140991211,84.958251953125,0.0,20.0,51.0,-4.656612873077393e-10,-20.0
32,100,100,30,moving_belt,blue,false,true,joint 1 -,false,2024-03-04 15:29:08.980770,17.601,0.168,236.8,292.8220520019531,106.5785140991211,84.958251953125,0.0,20.0,51.0,-4.656612873077393e-10,-20.0
32,100,100,30,moving_belt,blue,false,true,joint 1 -,false,2024-03-04 15:29:09.706030,17.772,0.168,236.8,292.8220520019531,106.5785140991211,84.958251953125,0.0,20.0,51.0,-4.656612873077393e-10,-20.0
32,100,100,30,moving_belt,blue,false,true,joint 1 -,false,2024-03-04 15:29:10.395786,17.582,0.168,236.8,292.8220520019531,106.5785140991211,84.958251953125,0.0,20.0,51.0,-4.656612873077393e-10,-20.0
32,100,100,30,moving_belt,blue,false,true,joint 1 -,false,2024-03-04 15:29:11.775386,17.525,0.167,236.8,292.8220520019531,106.5785140991211,84.958251953125,0.0,20.0,51.0,-4.656612873077393e-10,-20.0
32,100,100,30,go_to_pick_down,blue,true,false,joint 3 +,false,2024-03-04 15:29:12.464052,17.506,0.167,236.8,292.54339599609375,106.47708892822266,75.62562561035156,0.0,20.0,51.0,4.200000286102295,-20.0
32,100,100,30,go_to_pick_up_from_pick_down,blue,true,false,joint 3 -,true,2024-03-04 15:29:13.861308,16.31,0.167,236.8,285.0111389160156,103.7355728149414,36.227386474609375,0.0,20.0,51.0,18.87999725341797,-20.0
32,100,100,30,go_to_color_detect_up_from_pick_up,blue,true,false,joint 1 +,true,2024-03-04 15:29:14.548309,16.31,0.167,236.8,288.514892578125,117.74076843261719,84.958251953125,2.200002670288086,22.640003204345703,51.0,0.0,-20.0
32,100,100,30,go_to_color_detect_up_from_pick_up,blue,true,false,joint 1 +,true,2024-03-04 15:29:15.930637,22.405,0.206,236.8,132.375244140625,282.1001892089844,84.958251953125,44.861732482910156,64.94501495361328,51.0,0.0,-20.0
32,100,100,30,go_to_color_detect_down,blue,true,false,joint 3 +,true,2024-03-04 15:29:16.623842,22.443,0.206,236.8,120.64384460449219,258.7215576171875,1.2709426879882812,45.0,65.0,51.0,35.712806701660156,-20.0
32,100,100,30,go_to_color_detect_up_from_color_detect_down,blue,true,false,joint 3 -,false,2024-03-04 15:29:18.046071,22.348,0.204,236.8,115.82393646240234,248.38522338867188,-13.174934387207031,45.0,65.0,51.0,41.159996032714844,-20.0
32,100,100,30,detecting_color,blue,false,false,detecting_color,false,2024-03-04 15:29:18.754970,17.393,0.204,236.8,131.69407653808594,282.4188232421875,84.958251953125,45.0,65.0,51.0,-4.656612873077393e-10,-20.0
32,100,100,30,detecting_color,blue,false,false,detecting_color,false,2024-03-04 15:29:19.444434,17.393,0.159,236.8,131.69407653808594,282.4188232421875,84.958251953125,45.0,65.0,51.0,-4.656612873077393e-10,-20.0
32,100,100,30,go_to_color_detect_down,blue,true,false,joint 3 +,false,2024-03-04 15:29:20.821158,16.462,0.159,236.8,130.3365020751953,279.50750732421875,54.395233154296875,45.0,65.0,51.0,12.999999046325684,-20.0
32,100,100,30,go_to_color_detect_up_from_color_detect_down,blue,true,false,joint 3 -,true,2024-03-04 15:29:21.509854,16.462,0.159,236.8,111.81121826171875,239.7799072265625,-22.83026885986328,45.0,65.0,51.0,46.87999725341797,-20.0
32,100,100,30,go_to_color_detect_up_from_color_detect_down,blue,true,false,joint 3 -,true,2024-03-04 15:29:22.887912,16.329,0.158,236.8,131.51309204101562,282.0307312011719,73.74609375,45.0,65.0,51.0,3.803098678588867,-20.0
32,100,100,30,go_to_red_up,red,true,false,joint 1 +,true,2024-03-04 15:29:23.578387,23.469,0.158,236.8,34.73529052734375,309.6727294921875,84.958251953125,63.600006103515625,84.84000396728516,51.0,-4.656612873077393e-10,-20.0
32,100,100,30,go_to_pick_up_from_red,red,true,false,joint 1 -,false,2024-03-04 15:29:24.968553,22.918,0.206,235.0,-177.6640167236328,256.00628662109375,84.958251953125,104.75999450683594,124.59999084472656,51.0,-4.656612873077393e-10,-20.0
32,100,100,30,go_to_pick_up_from_red,red,true,false,joint 1 -,false,2024-03-04 15:29:25.662429,22.918,0.206,235.0,96.29423522949219,296.36322021484375,84.958251953125,52.0,70.0,51.0,-4.656612873077393e-10,-20.0
32,100,100,30,moving_belt,red,false,true,joint 1 -,false,2024-03-04 15:29:27.042253,16.462,0.158,235.0,292.48577880859375,107.49789428710938,84.958251953125,0.17999649047851562,20.07999610900879,51.0,-4.656612873077393e-10,-20.0
32,100,100,30,moving_belt,red,false,true,joint 1 -,false,2024-03-04 15:29:27.736810,16.462,0.158,235.0,292.8220520019531,106.5785140991211,84.958251953125,0.0,20.0,51.0,-4.656612873077393e-10,-20.0
32,100,100,30,moving_belt,red,false,true,joint 1 -,false,2024-03-04 15:29:28.452940,18.038,0.168,235.0,292.8220520019531,106.5785140991211,84.958251953125,0.0,20.0,51.0,-4.656612873077393e-10,-20.0
32,100,100,30,moving_belt,red,false,true,joint 1 -,false,2024-03-04 15:29:29.829279,17.449,0.168,235.0,292.8220520019531,106.5785140991211,84.958251953125,0.0,20.0,51.0,-4.656612873077393e-10,-20.0
32,100,100,30,moving_belt,red,false,true,joint 1 -,false,2024-03-04 15:29:30.522067,17.544,0.167,235.0,292.8220520019531,106.5785140991211,84.958251953125,0.0,20.0,51.0,-4.656612873077393e-10,-20.0
32,100,100,30,moving_belt,red,false,true,joint 1 -,false,2024-03-04 15:29:31.908594,17.734,0.167,236.8,292.8220520019531,106.5785140991211,84.958251953125,0.0,20.0,51.0,-4.656612873077393e-10,-20.0
32,100,100,30,moving_belt,red,false,true,joint 1 -,false,2024-03-04 15:29:32.599891,17.734,0.167,236.8,292.8220520019531,106.5785140991211,84.958251953125,0.0,20.0,51.0,-4.656612873077393e-10,-20.0
32,100,100,30,moving_belt,red,false,true,joint 1 -,false,2024-03-04 15:29:34.028925,17.677,0.168,236.8,292.8220520019531,106.5785140991211,84.958251953125,0.0,20.0,51.0,-4.656612873077393e-10,-20.0
32,100,100,30,moving_belt,red,false,true,joint 1 -,false,2024-03-04 15:29:34.719994,17.677,0.168,236.8,292.8220520019531,106.5785140991211,84.958251953125,0.0,20.0,51.0,-4.656612873077393e-10,-20.0
32,100,100,30,go_to_pick_down,red,true,false,joint 3 +,false,2024-03-04 15:29:35.405668,17.639,0.168,236.8,292.822021484375,106.57849884033203,84.85562896728516,0.0,20.0,51.0,0.11999999731779099,-20.0
32,100,100,30,go_to_pick_up_from_pick_down,red,true,false,joint 3 -,true,2024-03-04 15:29:36.779780,17.753,0.168,236.8,282.76361083984375,102.91754913330078,29.89107894897461,0.0,20.0,51.0,22.0,-20.0
32,100,100,30,go_to_color_detect_up_from_pick_up,red,true,false,joint 1 +,true,2024-03-04 15:29:37.469560,18.171,0.155,236.8,292.373046875,107.80415344238281,84.958251953125,0.24000167846679688,20.400001525878906,51.0,0.0,-20.0
32,100,100,30,go_to_color_detect_up_from_pick_up,red,true,false,joint 1 +,true,2024-03-04 15:29:38.846514,22.804,0.155,236.8,155.15187072753906,270.2436218261719,84.958251953125,40.139068603515625,60.74235153198242,51.0,0.0,-20.0
32,100,100,30,go_to_color_detect_down,red,true,false,joint 3 +,true,2024-03-04 15:29:39.532002,22.424,0.206,236.8,128.44918823242188,275.4601745605469,38.07123947143555,45.0,65.0,51.0,19.839996337890625,-20.0
32,100,100,30,go_to_color_detect_up_from_color_detect_down,red,true,false,joint 3 -,false,2024-03-04 15:29:40.912576,22.045,0.206,236.8,113.59001922607422,243.59457397460938,-18.768508911132812,45.0,65.0,51.0,44.3599967956543,-20.0
32,100,100,30,go_to_color_detect_up_from_color_detect_down,red,true,false,joint 3 -,false,2024-03-04 15:29:41.599280,21.912,0.183,236.8,131.6714324951172,282.37030029296875,80.99049377441406,45.0,65.0,51.0,1.215409517288208,-20.0
32,100,100,30,detecting_color,red,false,false,detecting_color,false,2024-03-04 15:29:42.978917,17.051,0.183,236.8,131.69407653808594,282.4188232421875,84.958251953125,45.0,65.0,51.0,-4.656612873077393e-10,-20.0
32,100,100,30,detecting_color,red,false,false,detecting_color,false,2024-03-04 15:29:43.664575,16.272,0.155,236.8,131.69407653808594,282.4188232421875,84.958251953125,45.0,65.0,51.0,-4.656612873077393e-10,-20.0
32,100,100,30,detecting_color,red,false,false,detecting_color,false,2024-03-04 15:29:45.044455,16.386,0.155,236.8,131.69407653808594,282.4188232421875,84.958251953125,45.0,65.0,51.0,-4.656612873077393e-10,-20.0
32,100,100,30,go_to_color_detect_down,red,true,false,joint 3 +,false,2024-03-04 15:29:45.733792,16.386,0.154,236.8,131.67445373535156,282.37677001953125,81.26412963867188,45.0,65.0,51.0,1.7999995946884155,-20.0
32,100,100,30,go_to_color_detect_down,red,true,false,joint 3 +,false,2024-03-04 15:29:46.421487,16.31,0.154,236.8,113.70602416992188,243.8433380126953,-18.492164611816406,45.0,65.0,51.0,45.21946716308594,-20.0
32,100,100,30,go_to_color_detect_up_from_color_detect_down,red,true,false,joint 3 -,true,2024-03-04 15:29:47.804079,16.291,0.154,236.8,124.34054565429688,266.6491394042969,15.583740234375,45.0,65.0,51.0,26.8800048828125,-20.0
32,100,100,30,go_to_green_up,green,true,false,joint 1 +,true,2024-03-04 15:29:48.491220,23.241,0.191,236.8,113.49833679199219,290.21002197265625,84.958251953125,48.64000701904297,69.20000457763672,51.0,-4.656612873077393e-10,-20.0
32,100,100,30,go_to_green_up,green,true,false,joint 1 +,true,2024-03-04 15:29:50.000384,22.557,0.191,236.8,-80.57035827636719,301.0185241699219,84.958251953125,84.98448944091797,104.99430847167969,51.0,-4.656612873077393e-10,-20.0
32,100,100,30,go_to_pick_up_from_green,green,true,false,joint 1 -,false,2024-03-04 15:29:50.000384,22.557,0.191,236.8,129.71926879882812,283.3313293457031,84.958251953125,45.399993896484375,63.59999465942383,51.0,-4.656612873077393e-10,-20.0
32,100,100,30,moving_belt,green,false,true,joint 1 -,false,2024-03-04 15:29:51.420119,16.804,0.205,236.8,292.82135009765625,106.58045196533203,84.958251953125,0.0003795623779296875,20.0,51.0,-4.656612873077393e-10,-20.0
32,100,100,30,moving_belt,green,false,true,joint 1 -,false,2024-03-04 15:29:52.823481,16.253,0.156,236.8,292.8220520019531,106.5785140991211,84.958251953125,0.0,20.0,51.0,-4.656612873077393e-10,-20.0
32,100,100,30,moving_belt,green,false,true,joint 1 -,false,2024-03-04 15:29:53.512177,17.62,0.156,236.8,292.8220520019531,106.5785140991211,84.958251953125,0.0,20.0,51.0,-4.656612873077393e-10,-20.0
32,100,100,30,moving_belt,green,false,true,joint 1 -,false,2024-03-04 15:29:54.897240,17.772,0.167,236.8,292.8220520019531,106.5785140991211,84.958251953125,0.0,20.0,51.0,-4.656612873077393e-10,-20.0
32,100,100,30,moving_belt,green,false,true,joint 1 -,false,2024-03-04 15:29:55.692594,17.677,0.167,236.8,292.8220520019531,106.5785140991211,84.958251953125,0.0,20.0,51.0,-4.656612873077393e-10,-20.0
32,100,100,30,moving_belt,green,false,true,joint 1 -,false,2024-03-04 15:29:56.381570,17.677,0.167,236.8,292.8220520019531,106.5785140991211,84.958251953125,0.0,20.0,51.0,-4.656612873077393e-10,-20.0
32,100,100,30,moving_belt,green,false,true,joint 1 -,false,2024-03-04 15:29:57.965034,17.791,0.169,236.8,292.8220520019531,106.5785140991211,84.958251953125,0.0,20.0,51.0,-4.656612873077393e-10,-20.0
32,100,100,30,moving_belt,green,false,true,joint 1 -,false,2024-03-04 15:29:58.764491,17.601,0.169,236.8,292.8220520019531,106.5785140991211,84.958251953125,0.0,20.0,51.0,-4.656612873077393e-10,-20.0
32,100,100,30,moving_belt,green,false,true,joint 1 -,false,2024-03-04 15:29:59.481845,17.715,0.167,236.8,292.8220520019531,106.5785140991211,84.958251953125,0.0,20.0,51.0,-4.656612873077393e-10,-20.0
32,100,100,30,go_to_pick_down,green,true,false,joint 3 +,false,2024-03-04 15:30:01.055835,17.677,0.167,236.8,292.8072204589844,106.5731201171875,82.8031997680664,0.0,20.0,51.0,1.1200000047683716,-20.0
32,100,100,30,go_to_pick_up_from_pick_down,green,true,false,joint 3 -,true,2024-03-04 15:30:01.745916,17.184,0.167,236.8,282.979248046875,102.99602508544922,30.462482452392578,0.0,20.0,51.0,21.599998474121094,-20.0
32,100,100,30,go_to_color_detect_up_from_pick_up,green,true,false,joint 1 +,true,2024-03-04 15:30:02.434644,17.184,0.167,236.8,290.0512390136719,113.90351104736328,84.958251953125,1.44000244140625,21.800003051757812,51.0,0.0,-20.0
32,100,100,30,go_to_color_detect_up_from_pick_up,green,true,false,joint 1 +,true,2024-03-04 15:30:03.814659,22.272,0.208,236.8,142.65377807617188,277.04443359375,84.958251953125,42.75547790527344,63.15876007080078,51.0,0.0,-20.0
32,100,100,30,go_to_color_detect_down,green,true,false,joint 3 +,true,2024-03-04 15:30:04.509067,22.424,0.208,236.8,126.41095733642578,271.08917236328125,25.637104034423828,45.0,65.0,51.0,25.171276092529297,-20.0
32,100,100,30,go_to_color_detect_up_from_color_detect_down,green,true,false,joint 3 -,false,2024-03-04 15:30:05.887205,22.007,0.2,236.8,114.85627746582031,246.31007385253906,-15.670166015625,45.0,65.0,51.0,42.55999755859375,-20.0
32,100,100,30,go_to_color_detect_up_from_color_detect_down,green,true,false,joint 3 -,false,2024-03-04 15:30:06.574829,19.747,0.2,236.8,131.68978881835938,282.4096374511719,83.23200988769531,45.0,65.0,51.0,0.4615650475025177,-20.0
32,100,100,30,detecting_color,green,false,false,detecting_color,false,2024-03-04 15:30:07.948965,16.842,0.161,236.8,131.69407653808594,282.4188232421875,84.958251953125,45.0,65.0,51.0,-4.656612873077393e-10,-20.0
32,100,100,30,go_to_color_detect_down,green,true,false,joint 3 +,false,2024-03-04 15:30:08.638150,16.842,0.161,236.8,131.02761840820312,280.9896240234375,63.484046936035156,45.0,65.0,51.0,9.239998817443848,-20.0
32,100,100,30,go_to_color_detect_up_from_color_detect_down,green,true,false,joint 3 -,true,2024-03-04 15:30:10.028096,16.481,0.156,236.8,111.15208435058594,238.3664093017578,-24.255813598632812,45.0,65.0,51.0,47.994842529296875,-20.0
32,100,100,30,go_to_color_detect_up_from_color_detect_down,green,true,false,joint 3 -,true,2024-03-04 15:30:10.732801,16.481,0.156,236.8,130.0281982421875,278.8463439941406,51.144752502441406,45.0,65.0,51.0,12.287192344665527,-20.0
32,100,100,30,go_to_blue_up,blue,true,false,joint 1 +,true,2024-03-04 15:30:11.420528,23.222,0.156,236.8,71.06371307373047,303.40350341796875,84.958251953125,56.817710876464844,77.6065673828125,51.0,-4.656612873077393e-10,-20.0
32,100,100,30,go_to_pick_up_from_blue,blue,true,false,joint 1 -,false,2024-03-04 15:30:12.795786,22.329,0.207,236.8,86.10176086425781,299.4832458496094,84.958251953125,53.959999084472656,73.0,51.0,-4.656612873077393e-10,-20.0
32,100,100,30,go_to_pick_up_from_blue,blue,true,false,joint 1 -,false,2024-03-04 15:30:13.487011,22.329,0.207,236.8,289.5956726074219,115.05681610107422,84.958251953125,1.6680011749267578,21.323097229003906,51.0,-4.656612873077393e-10,-20.0
32,100,100,30,moving_belt,blue,false,true,joint 1 -,false,2024-03-04 15:30:14.878858,16.5,0.158,236.8,292.8220520019531,106.5785140991211,84.958251953125,0.0,20.0,51.0,-4.656612873077393e-10,-20.0
32,100,100,30,moving_belt,blue,false,true,joint 1 -,false,2024-03-04 15:30:15.568510,17.734,0.158,236.8,292.8220520019531,106.5785140991211,84.958251953125,0.0,20.0,51.0,-4.656612873077393e-10,-20.0
32,100,100,30,moving_belt,blue,false,true,joint 1 -,false,2024-03-04 15:30:16.950289,17.639,0.168,236.8,292.8220520019531,106.5785140991211,84.958251953125,0.0,20.0,51.0,-4.656612873077393e-10,-20.0
32,100,100,30,moving_belt,blue,false,true,joint 1 -,false,2024-03-04 15:30:17.935148,17.886,0.168,236.8,292.8220520019531,106.5785140991211,84.958251953125,0.0,20.0,51.0,-4.656612873077393e-10,-20.0
32,100,100,30,moving_belt,blue,false,true,joint 1 -,false,2024-03-04 15:30:18.624502,17.639,0.168,236.8,292.8220520019531,106.5785140991211,84.958251953125,0.0,20.0,51.0,-4.656612873077393e-10,-20.0
32,100,100,30,moving_belt,blue,false,true,joint 1 -,false,2024-03-04 15:30:20.012607,17.715,0.168,236.8,292.8220520019531,106.5785140991211,84.958251953125,0.0,20.0,51.0,-4.656612873077393e-10,-20.0
32,100,100,30,moving_belt,blue,false,true,joint 1 -,false,2024-03-04 15:30:20.700380,17.715,0.168,236.8,292.8220520019531,106.5785140991211,84.958251953125,0.0,20.0,51.0,-4.656612873077393e-10,-20.0
32,100,100,30,moving_belt,blue,false,true,joint 1 -,false,2024-03-04 15:30:22.080249,17.544,0.168,236.8,292.8220520019531,106.5785140991211,84.958251953125,0.0,20.0,51.0,-4.656612873077393e-10,-20.0
32,100,100,30,go_to_pick_down,blue,true,false,joint 3 +,false,2024-03-04 15:30:22.771488,17.544,0.169,236.8,292.8220520019531,106.5785140991211,84.958251953125,0.0,20.0,51.0,-4.656612873077393e-10,-20.0
32,100,100,30,go_to_pick_up_from_pick_down,blue,true,false,joint 3 -,true,2024-03-04 15:30:23.462357,17.715,0.169,236.8,282.76361083984375,102.91754913330078,29.89107894897461,0.0,20.0,51.0,22.0,-20.0
32,100,100,30,go_to_color_detect_up_from_pick_up,blue,true,false,joint 1 +,true,2024-03-04 15:30:24.845948,16.405,0.214,236.8,292.8220520019531,106.5785140991211,84.93728637695312,0.0,20.0,51.0,0.0,-20.0
32,100,100,30,go_to_color_detect_up_from_pick_up,blue,true,false,joint 1 +,true,2024-03-04 15:30:25.547037,23.07,0.214,236.8,175.69561767578125,257.3611755371094,84.958251953125,35.67938232421875,56.52266311645508,51.0,0.0,-20.0
32,100,100,30,go_to_color_detect_down,blue,true,false,joint 3 +,true,2024-03-04 15:30:26.923668,22.633,0.203,236.8,128.8512725830078,276.3224182128906,40.9992561340332,45.0,65.0,51.0,18.59999656677246,-20.0
32,100,100,30,go_to_color_detect_up_from_color_detect_down,blue,true,false,joint 3 -,false,2024-03-04 15:30:27.625081,22.196,0.203,236.8,111.46013641357422,239.0270233154297,-23.594696044921875,45.0,65.0,51.0,47.39999771118164,-20.0
32,100,100,30,go_to_color_detect_up_from_color_detect_down,blue,true,false,joint 3 -,false,2024-03-04 15:30:29.015286,17.013,0.203,236.8,131.39366149902344,281.77459716796875,70.51924133300781,45.0,65.0,51.0,4.985661506652832,-20.0
32,100,100,30,detecting_color,blue,false,false,detecting_color,false,2024-03-04 15:30:29.707311,17.013,0.164,236.8,131.69407653808594,282.4188232421875,84.958251953125,45.0,65.0,51.0,-4.656612873077393e-10,-20.0
32,100,100,30,go_to_color_detect_down,blue,true,false,joint 3 +,false,2024-03-04 15:30:31.108150,16.5,0.164,236.8,131.66342163085938,282.35308837890625,80.34087371826172,45.0,65.0,51.0,2.1999995708465576,-20.0
32,100,100,30,go_to_color_detect_down,blue,true,false,joint 3 +,false,2024-03-04 15:30:31.799038,16.291,0.157,236.8,111.67813110351562,239.4945068359375,-23.121429443359375,45.0,65.0,51.0,47.53843688964844,-20.0
32,100,100,30,go_to_color_detect_up_from_color_detect_down,blue,true,false,joint 3 -,true,2024-03-04 15:30:32.487296,16.291,0.157,235.0,128.73878479003906,276.0812072753906,40.15884017944336,45.0,65.0,51.0,16.572317123413086,-20.0
32,100,100,30,go_to_red_up,red,true,false,joint 1 +,true,2024-03-04 15:30:33.871138,23.469,0.212,235.0,107.59998321533203,292.4482421875,84.958251953125,49.80000305175781,70.44000244140625,51.0,-4.656612873077393e-10,-20.0
32,100,100,30,go_to_red_up,red,true,false,joint 1 +,true,2024-03-04 15:30:34.558105,22.367,0.212,235.0,-173.03346252441406,259.1585388183594,84.958251953125,103.7300033569336,124.02838897705078,51.0,-4.656612873077393e-10,-20.0
32,100,100,30,go_to_pick_up_from_red,red,true,false,joint 1 -,false,2024-03-04 15:30:35.937314,22.747,0.194,235.0,-45.30638122558594,308.30352783203125,84.958251953125,78.35999298095703,96.87998962402344,51.0,-4.656612873077393e-10,-20.0
32,100,100,30,go_to_pick_up_from_red,red,true,false,joint 1 -,false,2024-03-04 15:30:36.630570,16.557,0.194,235.0,278.9232482910156,138.94442749023438,84.958251953125,6.479991912841797,25.779991149902344,51.0,-4.656612873077393e-10,-20.0
32,100,100,30,moving_belt,red,false,true,joint 1 -,false,2024-03-04 15:30:38.012681,16.481,0.16,235.0,292.8220520019531,106.5785140991211,84.958251953125,0.0,20.0,51.0,-4.656612873077393e-10,-20.0
32,100,100,30,moving_belt,red,false,true,joint 1 -,false,2024-03-04 15:30:38.699657,16.481,0.16,235.0,292.8220520019531,106.5785140991211,84.958251953125,0.0,20.0,51.0,-4.656612873077393e-10,-20.0
32,100,100,30,moving_belt,red,false,true,joint 1 -,false,2024-03-04 15:30:40.080197,17.639,0.168,235.0,292.8220520019531,106.5785140991211,84.958251953125,0.0,20.0,51.0,-4.656612873077393e-10,-20.0
32,100,100,30,moving_belt,red,false,true,joint 1 -,false,2024-03-04 15:30:40.766390,17.639,0.168,235.0,292.8220520019531,106.5785140991211,84.958251953125,0.0,20.0,51.0,-4.656612873077393e-10,-20.0
32,100,100,30,moving_belt,red,false,true,joint 1 -,false,2024-03-04 15:30:41.453761,17.715,0.168,235.0,292.8220520019531,106.5785140991211,84.958251953125,0.0,20.0,51.0,-4.656612873077393e-10,-20.0
32,100,100,30,moving_belt,red,false,true,joint 1 -,false,2024-03-04 15:30:42.839473,17.658,0.167,235.0,292.8220520019531,106.5785140991211,84.958251953125,0.0,20.0,51.0,-4.656612873077393e-10,-20.0
32,100,100,30,moving_belt,red,false,true,joint 1 -,false,2024-03-04 15:30:43.527975,17.677,0.167,236.8,292.8220520019531,106.5785140991211,84.958251953125,0.0,20.0,51.0,-4.656612873077393e-10,-20.0
32,100,100,30,moving_belt,red,false,true,joint 1 -,false,2024-03-04 15:30:44.911501,17.62,0.169,236.8,292.8220520019531,106.5785140991211,84.958251953125,0.0,20.0,51.0,-4.656612873077393e-10,-20.0
32,100,100,30,moving_belt,red,false,true,joint 1 -,false,2024-03-04 15:30:45.618324,17.62,0.169,236.8,292.8220520019531,106.5785140991211,84.958251953125,0.0,20.0,51.0,-4.656612873077393e-10,-20.0
32,100,100,30,go_to_pick_down,red,true,false,joint 3 +,false,2024-03-04 15:30:47.087266,16.728,0.168,236.8,284.0044860839844,103.36918640136719,33.279571533203125,0.0,20.0,51.0,20.89866065979004,-20.0
32,100,100,30,go_to_pick_up_from_pick_down,red,true,false,joint 3 -,true,2024-03-04 15:30:47.782662,16.728,0.168,236.8,292.7230224609375,106.54247283935547,79.39258575439453,0.0,20.0,51.0,1.7736676931381226,-20.0
32,100,100,30,go_to_color_detect_up_from_pick_up,red,true,false,joint 1 +,true,2024-03-04 15:30:48.472342,22.956,0.168,236.8,225.04928588867188,215.5377960205078,84.958251953125,23.76327896118164,45.04656219482422,51.0,0.0,-20.0
32,100,100,30,go_to_color_detect_down,red,true,false,joint 3 +,true,2024-03-04 15:30:49.894395,22.899,0.211,236.8,131.14834594726562,281.24853515625,65.51657104492188,45.0,65.0,51.0,8.399998664855957,-20.0
32,100,100,30,go_to_color_detect_down,red,true,false,joint 3 +,true,2024-03-04 15:30:50.633245,22.5,0.211,236.8,111.1933822631836,238.45497131347656,-24.167709350585938,45.0,65.0,51.0,47.98356246948242,-20.0
32,100,100,30,go_to_color_detect_up_from_color_detect_down,red,true,false,joint 3 -,false,2024-03-04 15:30:52.022334,20.658,0.207,236.8,130.0281982421875,278.8463439941406,51.144752502441406,45.0,65.0,51.0,12.287192344665527,-20.0
32,100,100,30,detecting_color,red,false,false,detecting_color,false,2024-03-04 15:30:52.714717,20.658,0.207,236.8,131.69407653808594,282.4188232421875,84.958251953125,45.0,65.0,51.0,-4.656612873077393e-10,-20.0
32,100,100,30,go_to_color_detect_down,red,true,false,joint 3 +,false,2024-03-04 15:30:54.093641,16.215,0.161,236.8,131.69407653808594,282.4188232421875,84.958251953125,45.0,65.0,51.0,-4.656612873077393e-10,-20.0
32,100,100,30,go_to_color_detect_down,red,true,false,joint 3 +,false,2024-03-04 15:30:54.782346,16.215,0.161,236.8,115.47264099121094,247.63186645507812,-14.094192504882812,45.0,65.0,51.0,43.01434326171875,-20.0
32,100,100,30,go_to_color_detect_up_from_color_detect_down,red,true,false,joint 3 -,true,2024-03-04 15:30:55.566887,16.31,0.157,236.8,121.74224090576172,261.0770568847656,5.154693603515625,45.0,65.0,51.0,31.76000213623047,-20.0
32,100,100,30,go_to_green_up,green,true,false,joint 1 +,true,2024-03-04 15:30:56.394316,23.469,0.157,236.8,130.50990295410156,282.968017578125,84.958251953125,45.24000549316406,65.40000915527344,51.0,-4.656612873077393e-10,-20.0
32,100,100,30,go_to_green_up,green,true,false,joint 1 +,true,2024-03-04 15:30:57.973286,23.298,0.21,236.8,-77.15497589111328,301.9119873046875,84.958251953125,84.33538055419922,104.54520416259766,51.0,-4.656612873077393e-10,-20.0
32,100,100,30,go_to_pick_up_from_green,green,true,false,joint 1 -,false,2024-03-04 15:30:58.793309,23.07,0.21,236.8,86.93775939941406,299.24163818359375,84.958251953125,53.79999542236328,72.19999694824219,51.0,-4.656612873077393e-10,-20.0
32,100,100,30,go_to_pick_up_from_green,green,true,false,joint 1 -,false,2024-03-04 15:30:59.685979,17.089,0.157,236.8,291.9959716796875,108.82135009765625,84.958251953125,0.4394683837890625,20.271650314331055,51.0,-4.656612873077393e-10,-20.0
32,100,100,30,moving_belt,green,false,true,joint 1 -,false,2024-03-04 15:31:01.066760,16.5,0.157,236.8,292.8220520019531,106.5785140991211,84.958251953125,0.0,20.0,51.0,-4.656612873077393e-10,-20.0
32,100,100,30,moving_belt,green,false,true,joint 1 -,false,2024-03-04 15:31:01.762060,17.696,0.167,236.8,292.8220520019531,106.5785140991211,84.958251953125,0.0,20.0,51.0,-4.656612873077393e-10,-20.0
32,100,100,30,moving_belt,green,false,true,joint 1 -,false,2024-03-04 15:31:02.453218,17.696,0.167,236.8,292.8220520019531,106.5785140991211,84.958251953125,0.0,20.0,51.0,-4.656612873077393e-10,-20.0
32,100,100,30,moving_belt,green,false,true,joint 1 -,false,2024-03-04 15:31:03.852544,17.791,0.168,236.8,292.8220520019531,106.5785140991211,84.958251953125,0.0,20.0,51.0,-4.656612873077393e-10,-20.0
32,100,100,30,moving_belt,green,false,true,joint 1 -,false,2024-03-04 15:31:04.541689,17.791,0.168,236.8,292.8220520019531,106.5785140991211,84.958251953125,0.0,20.0,51.0,-4.656612873077393e-10,-20.0
32,100,100,30,moving_belt,green,false,true,joint 1 -,false,2024-03-04 15:31:05.989820,17.525,0.168,236.8,292.8220520019531,106.5785140991211,84.958251953125,0.0,20.0,51.0,-4.656612873077393e-10,-20.0
32,100,100,30,moving_belt,green,false,true,joint 1 -,false,2024-03-04 15:31:06.685550,17.791,0.168,236.8,292.8220520019531,106.5785140991211,84.958251953125,0.0,20.0,51.0,-4.656612873077393e-10,-20.0
32,100,100,30,moving_belt,green,false,true,joint 1 -,false,2024-03-04 15:31:08.072786,17.487,0.168,236.8,292.8220520019531,106.5785140991211,84.958251953125,0.0,20.0,51.0,-4.656612873077393e-10,-20.0
32,100,100,30,go_to_pick_down,green,true,false,joint 3 +,false,2024-03-04 15:31:08.759715,17.677,0.168,236.8,292.8220520019531,106.5785140991211,84.958251953125,0.0,20.0,51.0,-4.656612873077393e-10,-20.0
32,100,100,30,go_to_pick_up_from_pick_down,green,true,false,joint 3 -,true,2024-03-04 15:31:10.137118,17.165,0.168,235.0,282.8036193847656,102.9321060180664,29.996570587158203,0.0,20.0,51.0,21.9918270111084,-20.0
32,100,100,30,go_to_color_detect_up_from_pick_up,green,true,false,joint 1 +,true,2024-03-04 15:31:10.831483,20.772,0.169,235.0,292.8220520019531,106.5785140991211,84.958251953125,0.0,20.040000915527344,51.0,0.0,-20.0
32,100,100,30,go_to_color_detect_up_from_pick_up,green,true,false,joint 1 +,true,2024-03-04 15:31:11.518828,22.348,0.169,235.0,164.71888732910156,264.5210876464844,84.958251953125,38.08922576904297,58.81250762939453,51.0,0.0,-20.0
32,100,100,30,go_to_color_detect_down,green,true,false,joint 3 +,true,2024-03-04 15:31:12.896670,22.348,0.205,235.0,127.52101135253906,273.4696960449219,31.990859985351562,45.0,65.0,51.0,22.43999481201172,-20.0
32,100,100,30,go_to_color_detect_up_from_color_detect_down,green,true,false,joint 3 -,false,2024-03-04 15:31:13.596844,22.007,0.205,236.8,111.81121826171875,239.7799072265625,-22.83026885986328,45.0,65.0,51.0,46.87999725341797,-20.0
32,100,100,30,go_to_color_detect_up_from_color_detect_down,green,true,false,joint 3 -,false,2024-03-04 15:31:14.971881,20.658,0.164,236.8,131.51309204101562,282.0307312011719,73.74609375,45.0,65.0,51.0,3.803098678588867,-20.0
32,100,100,30,detecting_color,green,false,false,detecting_color,false,2024-03-04 15:31:15.706146,17.146,0.164,236.8,131.69407653808594,282.4188232421875,84.958251953125,45.0,65.0,51.0,-4.656612873077393e-10,-20.0
32,100,100,30,go_to_color_detect_down,green,true,false,joint 3 +,false,2024-03-04 15:31:16.693517,17.146,0.164,236.8,131.60198974609375,282.2213439941406,76.95742797851562,45.0,65.0,51.0,3.6399993896484375,-20.0
32,100,100,30,go_to_color_detect_down,green,true,false,joint 3 +,false,2024-03-04 15:31:18.085187,16.462,0.16,236.8,112.3698501586914,240.9779052734375,-21.58929443359375,45.0,65.0,51.0,46.78459167480469,-20.0
32,100,100,30,go_to_color_detect_up_from_color_detect_down,green,true,false,joint 3 -,true,2024-03-04 15:31:18.775208,16.462,0.16,236.8,129.75582885742188,278.26226806640625,48.52571487426758,45.0,65.0,51.0,13.298473358154297,-20.0
32,100,100,30,go_to_blue_up,blue,true,false,joint 1 +,true,2024-03-04 15:31:19.472319,23.355,0.214,236.8,93.18548583984375,297.3553466796875,84.958251953125,52.600006103515625,73.40000915527344,51.0,-4.656612873077393e-10,-20.0
32,100,100,30,go_to_pick_up_from_blue,blue,true,false,joint 1 -,false,2024-03-04 15:31:20.885797,22.329,0.214,236.8,67.97665405273438,304.11004638671875,84.958251953125,57.399993896484375,76.59999084472656,51.0,-4.656612873077393e-10,-20.0
32,100,100,30,go_to_pick_up_from_blue,blue,true,false,joint 1 -,false,2024-03-04 15:31:21.643727,22.329,0.181,236.8,290.8819274902344,111.7651138305664,84.958251953125,1.0181941986083984,20.753292083740234,51.0,-4.656612873077393e-10,-20.0
32,100,100,30,moving_belt,blue,false,true,joint 1 -,false,2024-03-04 15:31:22.460034,16.614,0.181,236.8,292.8220520019531,106.5785140991211,84.958251953125,0.0,20.0,51.0,-4.656612873077393e-10,-20.0
32,100,100,30,moving_belt,blue,false,true,joint 1 -,false,2024-03-04 15:31:23.903978,17.563,0.169,236.8,292.8220520019531,106.5785140991211,84.958251953125,0.0,20.0,51.0,-4.656612873077393e-10,-20.0
32,100,100,30,moving_belt,blue,false,true,joint 1 -,false,2024-03-04 15:31:24.595106,17.715,0.169,236.8,292.8220520019531,106.5785140991211,84.958251953125,0.0,20.0,51.0,-4.656612873077393e-10,-20.0
32,100,100,30,moving_belt,blue,false,true,joint 1 -,false,2024-03-04 15:31:26.009070,17.62,0.167,236.8,292.8220520019531,106.5785140991211,84.958251953125,0.0,20.0,51.0,-4.656612873077393e-10,-20.0
32,100,100,30,moving_belt,blue,false,true,joint 1 -,false,2024-03-04 15:31:26.697726,17.829,0.167,236.8,292.8220520019531,106.5785140991211,84.958251953125,0.0,20.0,51.0,-4.656612873077393e-10,-20.0
32,100,100,30,moving_belt,blue,false,true,joint 1 -,false,2024-03-04 15:31:28.138476,17.525,0.168,236.8,292.8220520019531,106.5785140991211,84.958251953125,0.0,20.0,51.0,-4.656612873077393e-10,-20.0
32,100,100,30,moving_belt,blue,false,true,joint 1 -,false,2024-03-04 15:31:28.833479,17.525,0.168,236.8,292.8220520019531,106.5785140991211,84.958251953125,0.0,20.0,51.0,-4.656612873077393e-10,-20.0
32,100,100,30,moving_belt,blue,false,true,joint 1 -,false,2024-03-04 15:31:29.525029,17.753,0.168,236.8,292.8220520019531,106.5785140991211,84.958251953125,0.0,20.0,51.0,-4.656612873077393e-10,-20.0
32,100,100,30,moving_belt,blue,false,true,joint 1 -,false,2024-03-04 15:31:30.997370,17.582,0.168,236.8,292.8220520019531,106.5785140991211,84.958251953125,0.0,20.0,51.0,-4.656612873077393e-10,-20.0
32,100,100,30,go_to_pick_down,blue,true,false,joint 3 +,false,2024-03-04 15:31:31.684676,17.696,0.168,236.8,283.2887878417969,103.10868835449219,31.29510498046875,0.0,20.0,51.0,21.607160568237305,-20.0
32,100,100,30,go_to_pick_up_from_pick_down,blue,true,false,joint 3 -,true,2024-03-04 15:31:33.067270,16.519,0.155,236.8,292.822021484375,106.57849884033203,84.84449768066406,0.0,20.0,51.0,0.00817110762000084,-20.0
32,100,100,30,go_to_color_detect_up_from_pick_up,blue,true,false,joint 1 +,true,2024-03-04 15:31:33.762201,22.956,0.155,236.8,175.69561767578125,257.3611755371094,84.958251953125,35.67938232421875,56.52266311645508,51.0,0.0,-20.0
32,100,100,30,go_to_color_detect_down,blue,true,false,joint 3 +,true,2024-03-04 15:31:35.147221,22.405,0.205,236.8,129.5434112548828,277.8067321777344,46.61455154418945,45.0,65.0,51.0,16.23999786376953,-20.0
32,100,100,30,go_to_color_detect_up_from_color_detect_down,blue,true,false,joint 3 -,false,2024-03-04 15:31:35.862479,21.912,0.205,236.8,111.33187866210938,238.75196838378906,-23.871063232421875,45.0,65.0,51.0,47.599998474121094,-20.0
32,100,100,30,go_to_color_detect_up_from_color_detect_down,blue,true,false,joint 3 -,false,2024-03-04 15:31:36.559323,21.969,0.178,236.8,131.31553649902344,281.6070556640625,68.75533294677734,45.0,65.0,51.0,5.6369428634643555,-20.0
32,100,100,30,detecting_color,blue,false,false,detecting_color,false,2024-03-04 15:31:38.006682,17.089,0.178,236.8,131.69407653808594,282.4188232421875,84.958251953125,45.0,65.0,51.0,-4.656612873077393e-10,-20.0
32,100,100,30,go_to_color_detect_down,blue,true,false,joint 3 +,false,2024-03-04 15:31:38.694788,16.291,0.178,236.8,131.64828491210938,282.3206481933594,79.31524658203125,45.0,65.0,51.0,2.6399993896484375,-20.0
32,100,100,30,go_to_color_detect_down,blue,true,false,joint 3 +,false,2024-03-04 15:31:40.079571,16.31,0.159,236.8,112.98084259033203,242.28819274902344,-20.196151733398438,45.0,65.0,51.0,46.08203125,-20.0
32,100,100,30,go_to_color_detect_up_from_color_detect_down,blue,true,false,joint 3 -,true,2024-03-04 15:31:40.768097,16.31,0.159,236.8,128.73878479003906,276.0812072753906,40.15884017944336,45.0,65.0,51.0,16.572317123413086,-20.0
32,100,100,30,go_to_red_up,red,true,false,joint 1 +,true,2024-03-04 15:31:41.467979,19.956,0.204,236.8,107.59998321533203,292.4482421875,84.958251953125,49.80000305175781,70.44000244140625,51.0,-4.656612873077393e-10,-20.0
32,100,100,30,go_to_red_up,red,true,false,joint 1 +,true,2024-03-04 15:31:42.864052,22.329,0.204,236.8,-160.95790100097656,266.8263244628906,84.958251953125,101.09967803955078,121.6380615234375,51.0,-4.656612873077393e-10,-20.0
32,100,100,30,go_to_pick_up_from_red,red,true,false,joint 1 -,false,2024-03-04 15:31:43.553736,22.443,0.208,236.8,-37.32840347290039,309.370849609375,84.958251953125,76.87998962402344,95.35999298095703,51.0,-4.656612873077393e-10,-20.0
32,100,100,30,go_to_pick_up_from_red,red,true,false,joint 1 -,false,2024-03-04 15:31:44.941766,16.291,0.208,236.8,280.59991455078125,135.52642822265625,84.958251953125,5.779991149902344,25.119991302490234,51.0,-4.656612873077393e-10,-20.0
32,100,100,30,moving_belt,red,false,true,joint 1 -,false,2024-03-04 15:31:45.629195,16.291,0.159,236.8,292.8220520019531,106.5785140991211,84.958251953125,0.0,20.0,51.0,-4.656612873077393e-10,-20.0
32,100,100,30,moving_belt,red,false,true,joint 1 -,false,2024-03-04 15:31:47.002049,16.728,0.159,235.0,292.8220520019531,106.5785140991211,84.958251953125,0.0,20.0,51.0,-4.656612873077393e-10,-20.0
32,100,100,30,moving_belt,red,false,true,joint 1 -,false,2024-03-04 15:31:47.688367,17.791,0.169,235.0,292.8220520019531,106.5785140991211,84.958251953125,0.0,20.0,51.0,-4.656612873077393e-10,-20.0
32,100,100,30,moving_belt,red,false,true,joint 1 -,false,2024-03-04 15:31:49.086933,17.753,0.169,235.0,292.8220520019531,106.5785140991211,84.958251953125,0.0,20.0,51.0,-4.656612873077393e-10,-20.0
32,100,100,30,moving_belt,red,false,true,joint 1 -,false,2024-03-04 15:31:49.777255,17.639,0.171,235.0,292.8220520019531,106.5785140991211,84.958251953125,0.0,20.0,51.0,-4.656612873077393e-10,-20.0
32,100,100,30,moving_belt,red,false,true,joint 1 -,false,2024-03-04 15:31:51.155045,17.772,0.171,235.0,292.8220520019531,106.5785140991211,84.958251953125,0.0,20.0,51.0,-4.656612873077393e-10,-20.0
32,100,100,30,moving_belt,red,false,true,joint 1 -,false,2024-03-04 15:31:51.841244,17.582,0.168,235.0,292.8220520019531,106.5785140991211,84.958251953125,0.0,20.0,51.0,-4.656612873077393e-10,-20.0
32,100,100,30,moving_belt,red,false,true,joint 1 -,false,2024-03-04 15:31:52.529876,17.582,0.168,235.0,292.8220520019531,106.5785140991211,84.958251953125,0.0,20.0,51.0,-4.656612873077393e-10,-20.0
32,100,100,30,moving_belt,red,false,true,joint 1 -,false,2024-03-04 15:31:53.908324,17.487,0.169,235.0,292.8220520019531,106.5785140991211,84.958251953125,0.0,20.0,51.0,-4.656612873077393e-10,-20.0
32,100,100,30,go_to_pick_down,red,true,false,joint 3 +,false,2024-03-04 15:31:54.601757,17.658,0.169,236.8,283.49554443359375,103.18394470214844,31.859657287597656,0.0,20.0,51.0,21.410993576049805,-20.0
32,100,100,30,go_to_pick_up_from_pick_down,red,true,false,joint 3 -,true,2024-03-04 15:31:55.985957,16.462,0.199,236.8,292.7965393066406,106.56922149658203,82.13280487060547,0.0,20.0,51.0,0.825168788433075,-20.0
32,100,100,30,go_to_color_detect_up_from_pick_up,red,true,false,joint 1 +,true,2024-03-04 15:31:56.675661,23.564,0.199,236.8,201.2184600830078,237.9387969970703,84.958251953125,29.77968978881836,50.862972259521484,51.0,0.0,-20.0
32,100,100,30,go_to_color_detect_down,red,true,false,joint 3 +,true,2024-03-04 15:31:58.049218,22.861,0.208,236.8,130.3365020751953,279.50750732421875,54.395233154296875,45.0,65.0,51.0,12.999999046325684,-20.0
32,100,100,30,go_to_color_detect_up_from_color_detect_down,red,true,false,joint 3 -,false,2024-03-04 15:31:58.763716,22.861,0.208,236.8,111.13883972167969,238.33799743652344,-24.284042358398438,45.0,65.0,51.0,47.959999084472656,-20.0
32,100,100,30,go_to_color_detect_up_from_color_detect_down,red,true,false,joint 3 -,false,2024-03-04 15:31:59.806843,22.576,0.208,236.8,130.98873901367188,280.9062194824219,62.869842529296875,45.0,65.0,51.0,7.83078670501709,-20.0
32,100,100,30,detecting_color,red,false,false,detecting_color,false,2024-03-04 15:32:00.641013,17.753,0.163,236.8,131.69407653808594,282.4188232421875,84.958251953125,45.0,65.0,51.0,-4.656612873077393e-10,-20.0
32,100,100,30,go_to_color_detect_down,red,true,false,joint 3 +,false,2024-03-04 15:32:01.514109,16.386,0.163,236.8,131.68740844726562,282.404541015625,82.8031997680664,45.0,65.0,51.0,1.1199997663497925,-20.0
32,100,100,30,go_to_color_detect_down,red,true,false,joint 3 +,false,2024-03-04 15:32:02.829133,16.329,0.158,236.8,112.3698501586914,240.9779052734375,-21.58929443359375,45.0,65.0,51.0,46.78459167480469,-20.0
32,100,100,30,go_to_color_detect_up_from_color_detect_down,red,true,false,joint 3 -,true,2024-03-04 15:32:03.538606,16.234,0.158,236.8,127.3722915649414,273.1507568359375,31.08867645263672,45.0,65.0,51.0,20.206161499023438,-20.0
32,100,100,30,go_to_green_up,green,true,false,joint 1 +,true,2024-03-04 15:32:05.126241,23.753,0.216,236.8,116.12750244140625,289.1679992675781,84.958251953125,48.12001037597656,68.64000701904297,51.0,-4.656612873077393e-10,-20.0
32,100,100,30,go_to_pick_up_from_green,green,true,false,joint 1 -,false,2024-03-04 15:32:05.846117,22.709,0.216,236.8,-80.65180969238281,300.9967041015625,84.958251953125,85.0,105.0,51.0,-4.656612873077393e-10,-20.0
32,100,100,30,go_to_pick_up_from_green,green,true,false,joint 1 -,false,2024-03-04 15:32:06.604776,23.013,0.216,236.8,156.0325469970703,269.7361145019531,84.958251953125,39.95217514038086,58.184356689453125,51.0,-4.656612873077393e-10,-20.0
32,100,100,30,moving_belt,green,false,true,joint 1 -,false,2024-03-04 15:32:08.143540,16.386,0.187,236.8,292.8220520019531,106.5785140991211,84.958251953125,0.0,20.0,51.0,-4.656612873077393e-10,-20.0
32,100,100,30,moving_belt,green,false,true,joint 1 -,false,2024-03-04 15:32:08.840610,16.69,0.168,236.8,292.8220520019531,106.5785140991211,84.958251953125,0.0,20.0,51.0,-4.656612873077393e-10,-20.0
32,100,100,30,moving_belt,green,false,true,joint 1 -,false,2024-03-04 15:32:09.529216,16.69,0.168,236.8,292.8220520019531,106.5785140991211,84.958251953125,0.0,20.0,51.0,-4.656612873077393e-10,-20.0
32,100,100,30,moving_belt,green,false,true,joint 1 -,false,2024-03-04 15:32:10.935359,17.563,0.168,236.8,292.8220520019531,106.5785140991211,84.958251953125,0.0,20.0,51.0,-4.656612873077393e-10,-20.0
32,100,100,30,moving_belt,green,false,true,joint 1 -,false,2024-03-04 15:32:11.626489,17.563,0.167,236.8,292.8220520019531,106.5785140991211,84.958251953125,0.0,20.0,51.0,-4.656612873077393e-10,-20.0
32,100,100,30,moving_belt,green,false,true,joint 1 -,false,2024-03-04 15:32:13.023466,17.696,0.167,236.8,292.8220520019531,106.5785140991211,84.958251953125,0.0,20.0,51.0,-4.656612873077393e-10,-20.0
32,100,100,30,moving_belt,green,false,true,joint 1 -,false,2024-03-04 15:32:13.716682,17.753,0.171,236.8,292.8220520019531,106.5785140991211,84.958251953125,0.0,20.0,51.0,-4.656612873077393e-10,-20.0
32,100,100,30,moving_belt,green,false,true,joint 1 -,false,2024-03-04 15:32:15.120765,17.62,0.171,235.0,292.8220520019531,106.5785140991211,84.958251953125,0.0,20.0,51.0,-4.656612873077393e-10,-20.0
32,100,100,30,moving_belt,green,false,true,joint 1 -,false,2024-03-04 15:32:15.814089,17.506,0.167,235.0,292.8220520019531,106.5785140991211,84.958251953125,0.0,20.0,51.0,-4.656612873077393e-10,-20.0
32,100,100,30,go_to_pick_down,green,true,false,joint 3 +,false,2024-03-04 15:32:16.501893,17.506,0.167,236.8,292.795654296875,106.56890869140625,82.08492279052734,0.0,20.0,51.0,1.440000057220459,-20.0
32,100,100,30,go_to_pick_up_from_pick_down,green,true,false,joint 3 -,true,2024-03-04 15:32:17.886423,16.386,0.161,236.8,283.5084533691406,103.18864440917969,31.895137786865234,0.0,20.0,51.0,20.87999725341797,-20.0
32,100,100,30,go_to_color_detect_up_from_pick_up,green,true,false,joint 1 +,true,2024-03-04 15:32:18.579328,16.386,0.161,236.8,286.58721923828125,122.35808563232422,84.958251953125,3.1200027465820312,23.640003204345703,51.0,0.0,-20.0
32,100,100,30,go_to_color_detect_up_from_pick_up,green,true,false,joint 1 +,true,2024-03-04 15:32:19.958281,22.31,0.204,236.8,135.97390747070312,280.38336181640625,84.958251953125,44.12860107421875,64.37187957763672,51.0,0.0,-20.0
32,100,100,30,go_to_color_detect_down,green,true,false,joint 3 +,true,2024-03-04 15:32:20.645680,22.026,0.204,236.8,124.52679443359375,267.0485534667969,16.41339874267578,45.0,65.0,51.0,29.045120239257812,-20.0
32,100,100,30,go_to_color_detect_up_from_color_detect_down,green,true,false,joint 3 -,false,2024-03-04 15:32:22.032840,21.988,0.2,236.8,116.87966918945312,250.6492462158203,-10.31536865234375,45.0,65.0,51.0,39.599998474121094,-20.0
32,100,100,30,detecting_color,green,false,false,detecting_color,false,2024-03-04 15:32:22.724066,16.899,0.2,236.8,131.69403076171875,282.41876220703125,84.78450775146484,45.0,65.0,51.0,0.016438644379377365,-20.0
32,100,100,30,detecting_color,green,false,false,detecting_color,false,2024-03-04 15:32:24.130679,16.348,0.157,236.8,131.69407653808594,282.4188232421875,84.958251953125,45.0,65.0,51.0,-4.656612873077393e-10,-20.0
32,100,100,30,go_to_color_detect_down,green,true,false,joint 3 +,false,2024-03-04 15:32:24.829487,16.348,0.157,236.8,130.10182189941406,279.0042419433594,51.890445709228516,45.0,65.0,51.0,14.039999008178711,-20.0
32,100,100,30,go_to_color_detect_up_from_color_detect_down,green,true,false,joint 3 -,true,2024-03-04 15:32:25.517411,16.291,0.157,236.8,111.17107391357422,238.40711975097656,-24.215347290039062,45.0,65.0,51.0,47.87999725341797,-20.0
32,100,100,30,go_to_color_detect_up_from_color_detect_down,green,true,false,joint 3 -,true,2024-03-04 15:32:26.909147,16.557,0.157,236.8,131.11474609375,281.1764831542969,64.9298095703125,45.0,65.0,51.0,7.059505462646484,-20.0
32,100,100,30,go_to_blue_up,blue,true,false,joint 1 +,true,2024-03-04 15:32:27.596246,23.184,0.157,236.8,84.63713073730469,299.9004821777344,84.958251953125,54.24000549316406,75.12000274658203,51.0,-4.656612873077393e-10,-20.0
32,100,100,30,go_to_pick_up_from_blue,blue,true,false,joint 1 -,false,2024-03-04 15:32:28.975108,22.064,0.204,236.8,101.65748596191406,294.5666198730469,84.958251953125,50.959999084472656,69.87999725341797,51.0,-4.656612873077393e-10,-20.0
32,100,100,30,go_to_pick_up_from_blue,blue,true,false,joint 1 -,false,2024-03-04 15:32:29.671578,20.62,0.204,236.8,291.8267517089844,109.2743911743164,84.958251953125,0.5283889770507812,20.343486785888672,51.0,-4.656612873077393e-10,-20.0
32,100,100,30,moving_belt,blue,false,true,joint 1 -,false,2024-03-04 15:32:31.063019,16.348,0.157,236.8,292.8220520019531,106.5785140991211,84.958251953125,0.0,20.0,51.0,-4.656612873077393e-10,-20.0
32,100,100,30,moving_belt,blue,false,true,joint 1 -,false,2024-03-04 15:32:31.751245,17.848,0.157,236.8,292.8220520019531,106.5785140991211,84.958251953125,0.0,20.0,51.0,-4.656612873077393e-10,-20.0
32,100,100,30,moving_belt,blue,false,true,joint 1 -,false,2024-03-04 15:32:33.130842,17.544,0.167,236.8,292.8220520019531,106.5785140991211,84.958251953125,0.0,20.0,51.0,-4.656612873077393e-10,-20.0
32,100,100,30,moving_belt,blue,false,true,joint 1 -,false,2024-03-04 15:32:33.818722,17.658,0.167,236.8,292.8220520019531,106.5785140991211,84.958251953125,0.0,20.0,51.0,-4.656612873077393e-10,-20.0
32,100,100,30,moving_belt,blue,false,true,joint 1 -,false,2024-03-04 15:32:34.510182,17.658,0.167,236.8,292.8220520019531,106.5785140991211,84.958251953125,0.0,20.0,51.0,-4.656612873077393e-10,-20.0
32,100,100,30,moving_belt,blue,false,true,joint 1 -,false,2024-03-04 15:32:35.969537,17.734,0.167,236.8,292.8220520019531,106.5785140991211,84.958251953125,0.0,20.0,51.0,-4.656612873077393e-10,-20.0
32,100,100,30,moving_belt,blue,false,true,joint 1 -,false,2024-03-04 15:32:36.682394,17.715,0.167,236.8,292.8220520019531,106.5785140991211,84.958251953125,0.0,20.0,51.0,-4.656612873077393e-10,-20.0
32,100,100,30,moving_belt,blue,false,true,joint 1 -,false,2024-03-04 15:32:38.078268,17.658,0.168,236.8,292.8220520019531,106.5785140991211,84.958251953125,0.0,20.0,51.0,-4.656612873077393e-10,-20.0
32,100,100,30,go_to_pick_down,blue,true,false,joint 3 +,false,2024-03-04 15:32:38.764102,17.715,0.168,236.8,292.8220520019531,106.5785140991211,84.958251953125,0.0,20.0,51.0,-4.656612873077393e-10,-20.0
32,100,100,30,go_to_pick_up_from_pick_down,blue,true,false,joint 3 -,true,2024-03-04 15:32:40.185050,17.696,0.168,236.8,282.8721618652344,102.9570541381836,30.177860260009766,0.0,20.0,51.0,21.955659866333008,-20.0
32,100,100,30,go_to_color_detect_up_from_pick_up,blue,true,false,joint 1 +,true,2024-03-04 15:32:40.875659,18.741,0.168,236.8,292.8220520019531,106.5785140991211,84.958251953125,0.0,20.0,51.0,0.0,-20.0
32,100,100,30,go_to_color_detect_up_from_pick_up,blue,true,false,joint 1 +,true,2024-03-04 15:32:41.564489,22.443,0.208,236.8,171.88888549804688,259.9190979003906,84.958251953125,36.52266311645508,57.32594299316406,51.0,0.0,-20.0
32,100,100,30,go_to_color_detect_down,blue,true,false,joint 3 +,true,2024-03-04 15:32:42.952219,22.5,0.208,236.8,130.3365020751953,279.50750732421875,54.395233154296875,45.0,65.0,51.0,12.999999046325684,-20.0
32,100,100,30,go_to_color_detect_up_from_color_detect_down,blue,true,false,joint 3 -,false,2024-03-04 15:32:43.645899,21.931,0.204,236.8,111.81121826171875,239.7799072265625,-22.83026885986328,45.0,65.0,51.0,46.87999725341797,-20.0
32,100,100,30,go_to_color_detect_up_from_color_detect_down,blue,true,false,joint 3 -,false,2024-03-04 15:32:45.032626,21.988,0.204,236.8,131.51309204101562,282.0307312011719,73.74609375,45.0,65.0,51.0,3.803098678588867,-20.0
32,100,100,30,detecting_color,blue,false,false,detecting_color,false,2024-03-04 15:32:45.729956,17.374,0.204,236.8,131.69407653808594,282.4188232421875,84.958251953125,45.0,65.0,51.0,-4.656612873077393e-10,-20.0
32,100,100,30,go_to_color_detect_down,blue,true,false,joint 3 +,false,2024-03-04 15:32:47.132010,16.443,0.162,236.8,131.62814331054688,282.2774353027344,78.1873779296875,45.0,65.0,51.0,3.119999408721924,-20.0
32,100,100,30,go_to_color_detect_down,blue,true,false,joint 3 +,false,2024-03-04 15:32:47.823710,16.443,0.162,236.8,112.66073608398438,241.60171508789062,-20.93079376220703,45.0,65.0,51.0,46.453311920166016,-20.0
32,100,100,30,go_to_color_detect_up_from_color_detect_down,blue,true,false,joint 3 -,true,2024-03-04 15:32:49.203723,21.342,0.158,236.8,125.61415100097656,269.3804016113281,21.534198760986328,45.0,65.0,51.0,24.20000457763672,-20.0
32,100,100,30,go_to_red_up,red,true,false,joint 1 +,true,2024-03-04 15:32:49.903030,23.127,0.158,236.8,107.59998321533203,292.4482421875,84.958251953125,49.80000305175781,70.44000244140625,51.0,-4.656612873077393e-10,-20.0
32,100,100,30,go_to_red_up,red,true,false,joint 1 +,true,2024-03-04 15:32:50.592480,23.127,0.207,236.8,-163.45799255371094,265.3020935058594,84.958251953125,101.6380615234375,122.1364517211914,51.0,-4.656612873077393e-10,-20.0
32,100,100,30,go_to_pick_up_from_red,red,true,false,joint 1 -,false,2024-03-04 15:32:51.981879,22.671,0.207,236.8,-81.49203491210938,300.77032470703125,84.958251953125,85.15999603271484,103.87999725341797,51.0,-4.656612873077393e-10,-20.0
32,100,100,30,go_to_pick_up_from_red,red,true,false,joint 1 -,false,2024-03-04 15:32:52.672210,22.671,0.159,236.8,280.59991455078125,135.52642822265625,84.958251953125,5.779991149902344,25.119991302490234,51.0,-4.656612873077393e-10,-20.0
32,100,100,30,moving_belt,red,false,true,joint 1 -,false,2024-03-04 15:32:54.052725,16.462,0.159,236.8,292.8220520019531,106.5785140991211,84.958251953125,0.0,20.0,51.0,-4.656612873077393e-10,-20.0
32,100,100,30,moving_belt,red,false,true,joint 1 -,false,2024-03-04 15:32:54.748554,16.766,0.169,236.8,292.8220520019531,106.5785140991211,84.958251953125,0.0,20.0,51.0,-4.656612873077393e-10,-20.0
32,100,100,30,moving_belt,red,false,true,joint 1 -,false,2024-03-04 15:32:56.130199,17.62,0.169,236.8,292.8220520019531,106.5785140991211,84.958251953125,0.0,20.0,51.0,-4.656612873077393e-10,-20.0
32,100,100,30,moving_belt,red,false,true,joint 1 -,false,2024-03-04 15:32:56.824149,17.62,0.168,236.8,292.8220520019531,106.5785140991211,84.958251953125,0.0,20.0,51.0,-4.656612873077393e-10,-20.0
32,100,100,30,moving_belt,red,false,true,joint 1 -,false,2024-03-04 15:32:57.533747,17.639,0.168,236.8,292.8220520019531,106.5785140991211,84.958251953125,0.0,20.0,51.0,-4.656612873077393e-10,-20.0
32,100,100,30,moving_belt,red,false,true,joint 1 -,false,2024-03-04 15:32:58.916552,17.658,0.168,235.0,292.8220520019531,106.5785140991211,84.958251953125,0.0,20.0,51.0,-4.656612873077393e-10,-20.0
32,100,100,30,moving_belt,red,false,true,joint 1 -,false,2024-03-04 15:32:59.615429,17.658,0.168,235.0,292.8220520019531,106.5785140991211,84.958251953125,0.0,20.0,51.0,-4.656612873077393e-10,-20.0
32,100,100,30,moving_belt,red,false,true,joint 1 -,false,2024-03-04 15:33:01.016527,17.582,0.168,235.0,292.8220520019531,106.5785140991211,84.958251953125,0.0,20.0,51.0,-4.656612873077393e-10,-20.0
32,100,100,30,moving_belt,red,false,true,joint 1 -,false,2024-03-04 15:33:01.710039,17.582,0.167,235.0,292.8220520019531,106.5785140991211,84.958251953125,0.0,20.0,51.0,-4.656612873077393e-10,-20.0
32,100,100,30,go_to_pick_down,red,true,false,joint 3 +,false,2024-03-04 15:33:03.097885,17.753,0.167,236.8,285.7587890625,104.0076904296875,38.55379104614258,0.0,20.0,51.0,18.917829513549805,-20.0
32,100,100,30,go_to_pick_up_from_pick_down,red,true,false,joint 3 -,true,2024-03-04 15:33:03.789299,16.234,0.158,236.8,292.3475036621094,106.40579223632812,72.78374481201172,0.0,20.0,51.0,4.154499053955078,-20.0
32,100,100,30,go_to_color_detect_up_from_pick_up,red,true,false,joint 1 +,true,2024-03-04 15:33:05.183363,23.279,0.158,235.0,215.3290557861328,225.24905395507812,84.958251953125,26.289844512939453,47.493125915527344,51.0,0.0,-20.0
32,100,100,30,go_to_color_detect_down,red,true,false,joint 3 +,true,2024-03-04 15:33:05.870949,22.424,0.207,235.0,131.56875610351562,282.15008544921875,75.62562561035156,45.0,65.0,51.0,4.1999993324279785,-20.0
32,100,100,30,go_to_color_detect_down,red,true,false,joint 3 +,true,2024-03-04 15:33:06.591778,22.405,0.207,236.8,111.8780517578125,239.92323303222656,-22.683425903320312,45.0,65.0,51.0,47.32715606689453,-20.0
32,100,100,30,go_to_color_detect_up_from_color_detect_down,red,true,false,joint 3 -,false,2024-03-04 15:33:07.974773,22.121,0.198,236.8,128.32533264160156,275.1945495605469,37.209197998046875,45.0,65.0,51.0,17.74359893798828,-20.0
32,100,100,30,detecting_color,red,false,false,detecting_color,false,2024-03-04 15:33:08.673747,17.658,0.198,235.0,131.69407653808594,282.4188232421875,84.958251953125,45.0,65.0,51.0,-4.656612873077393e-10,-20.0
32,100,100,30,go_to_color_detect_down,red,true,false,joint 3 +,false,2024-03-04 15:33:10.059344,16.481,0.158,235.0,131.69407653808594,282.4188232421875,84.958251953125,45.0,65.0,51.0,-4.656612873077393e-10,-20.0
32,100,100,30,go_to_color_detect_down,red,true,false,joint 3 +,false,2024-03-04 15:33:10.756892,16.196,0.158,235.0,116.49774169921875,249.8302001953125,-11.367164611816406,45.0,65.0,51.0,41.67177963256836,-20.0
32,100,100,30,go_to_color_detect_up_from_color_detect_down,red,true,false,joint 3 -,true,2024-03-04 15:33:12.154437,16.481,0.176,235.0,120.45890808105469,258.324951171875,0.64251708984375,45.0,65.0,51.0,33.959999084472656,-20.0
32,100,100,30,go_to_green_up,green,true,false,joint 1 +,true,2024-03-04 15:33:12.854352,23.526,0.176,235.0,131.69407653808594,282.4188232421875,84.958251953125,45.0,65.04000091552734,51.0,-4.656612873077393e-10,-20.0
32,100,100,30,go_to_green_up,green,true,false,joint 1 +,true,2024-03-04 15:33:13.542213,22.234,0.176,235.0,-72.56475830078125,303.0480041503906,84.958251953125,83.46591186523438,103.79573059082031,51.0,-4.656612873077393e-10,-20.0
32,100,100,30,go_to_pick_up_from_green,green,true,false,joint 1 -,false,2024-03-04 15:33:14.918876,22.462,0.207,235.0,47.67263412475586,307.9465026855469,84.958251953125,61.19999694824219,79.79999542236328,51.0,-4.656612873077393e-10,-20.0
32,100,100,30,go_to_pick_up_from_green,green,true,false,joint 1 -,false,2024-03-04 15:33:15.611501,22.462,0.207,236.8,289.1708984375,116.1202621459961,84.958251953125,1.8785552978515625,21.510738372802734,51.0,-4.656612873077393e-10,-20.0
32,100,100,30,moving_belt,green,false,true,joint 1 -,false,2024-03-04 15:33:16.985903,16.785,0.158,236.8,292.8220520019531,106.5785140991211,84.958251953125,0.0,20.0,51.0,-4.656612873077393e-10,-20.0
32,100,100,30,moving_belt,green,false,true,joint 1 -,false,2024-03-04 15:33:17.681457,16.785,0.158,236.8,292.8220520019531,106.5785140991211,84.958251953125,0.0,20.0,51.0,-4.656612873077393e-10,-20.0
32,100,100,30,moving_belt,green,false,true,joint 1 -,false,2024-03-04 15:33:19.075089,17.544,0.167,236.8,292.8220520019531,106.5785140991211,84.958251953125,0.0,20.0,51.0,-4.656612873077393e-10,-20.0
32,100,100,30,moving_belt,green,false,true,joint 1 -,false,2024-03-04 15:33:19.762419,17.715,0.167,236.8,292.8220520019531,106.5785140991211,84.958251953125,0.0,20.0,51.0,-4.656612873077393e-10,-20.0
32,100,100,30,moving_belt,green,false,true,joint 1 -,false,2024-03-04 15:33:21.147395,17.753,0.168,236.8,292.8220520019531,106.5785140991211,84.958251953125,0.0,20.0,51.0,-4.656612873077393e-10,-20.0
32,100,100,30,moving_belt,green,false,true,joint 1 -,false,2024-03-04 15:33:21.847800,17.734,0.168,236.8,292.8220520019531,106.5785140991211,84.958251953125,0.0,20.0,51.0,-4.656612873077393e-10,-20.0
32,100,100,30,moving_belt,green,false,true,joint 1 -,false,2024-03-04 15:33:23.226616,17.772,0.168,236.8,292.8220520019531,106.5785140991211,84.958251953125,0.0,20.0,51.0,-4.656612873077393e-10,-20.0
32,100,100,30,moving_belt,green,false,true,joint 1 -,false,2024-03-04 15:33:23.918681,17.829,0.168,236.8,292.8220520019531,106.5785140991211,84.958251953125,0.0,20.0,51.0,-4.656612873077393e-10,-20.0
32,100,100,30,moving_belt,green,false,true,joint 1 -,false,2024-03-04 15:33:24.610046,17.829,0.168,236.8,292.8220520019531,106.5785140991211,84.958251953125,0.0,20.0,51.0,-4.656612873077393e-10,-20.0
32,100,100,30,go_to_pick_down,green,true,false,joint 3 +,false,2024-03-04 15:33:25.988942,17.734,0.167,236.8,282.8036193847656,102.9321060180664,29.996570587158203,0.0,20.0,51.0,21.9918270111084,-20.0
32,100,100,30,go_to_pick_up_from_pick_down,green,true,false,joint 3 -,true,2024-03-04 15:33:26.677826,16.329,0.167,236.8,292.82086181640625,106.57808685302734,84.35104370117188,0.0,20.0,51.0,0.12050371617078781,-20.0
32,100,100,30,go_to_color_detect_up_from_pick_up,green,true,false,joint 1 +,true,2024-03-04 15:33:28.058041,22.121,0.211,236.8,183.7216796875,251.6944122314453,84.958251953125,33.87281799316406,54.79610061645508,51.0,0.0,-20.0
32,100,100,30,go_to_color_detect_down,green,true,false,joint 3 +,true,2024-03-04 15:33:28.744682,22.121,0.211,236.8,129.5434112548828,277.8067321777344,46.61455154418945,45.0,65.0,51.0,16.23999786376953,-20.0
32,100,100,30,go_to_color_detect_up_from_color_detect_down,green,true,false,joint 3 -,false,2024-03-04 15:33:30.120112,21.779,0.199,236.8,111.33187866210938,238.75196838378906,-23.871063232421875,45.0,65.0,51.0,47.599998474121094,-20.0
32,100,100,30,go_to_color_detect_up_from_color_detect_down,green,true,false,joint 3 -,false,2024-03-04 15:33:30.810671,21.779,0.199,236.8,131.31553649902344,281.6070556640625,68.75533294677734,45.0,65.0,51.0,5.6369428634643555,-20.0
32,100,100,30,detecting_color,green,false,false,detecting_color,false,2024-03-04 15:33:32.223591,16.234,0.163,236.8,131.69407653808594,282.4188232421875,84.958251953125,45.0,65.0,51.0,-4.656612873077393e-10,-20.0
32,100,100,30,go_to_color_detect_down,green,true,false,joint 3 +,false,2024-03-04 15:33:32.926860,16.234,0.163,236.8,131.66342163085938,282.35308837890625,80.34087371826172,45.0,65.0,51.0,2.1999995708465576,-20.0
32,100,100,30,go_to_color_detect_down,green,true,false,joint 3 +,false,2024-03-04 15:33:33.619831,15.949,0.163,236.8,113.32952117919922,243.0359344482422,-19.383834838867188,45.0,65.0,51.0,45.67074966430664,-20.0
32,100,100,30,go_to_color_detect_up_from_color_detect_down,green,true,false,joint 3 -,true,2024-03-04 15:33:35.017209,16.234,0.156,236.8,128.32533264160156,275.1945495605469,37.209197998046875,45.0,65.0,51.0,17.74359893798828,-20.0
32,100,100,30,go_to_blue_up,blue,true,false,joint 1 +,true,2024-03-04 15:33:35.708175,23.203,0.156,236.8,110.65652465820312,291.3054504394531,84.958251953125,49.20000457763672,69.80000305175781,51.0,-4.656612873077393e-10,-20.0
32,100,100,30,go_to_pick_up_from_blue,blue,true,false,joint 1 -,false,2024-03-04 15:33:37.114218,21.95,0.21,236.8,53.03978729248047,307.067626953125,84.958251953125,60.19999694824219,79.55999755859375,51.0,-4.656612873077393e-10,-20.0
32,100,100,30,go_to_pick_up_from_blue,blue,true,false,joint 1 -,false,2024-03-04 15:33:37.808730,17.848,0.21,236.8,287.94061279296875,119.13826751708984,84.958251953125,2.4778079986572266,22.05290412902832,51.0,-4.656612873077393e-10,-20.0
32,100,100,30,moving_belt,blue,false,true,joint 1 -,false,2024-03-04 15:33:39.217795,16.196,0.157,235.0,292.8220520019531,106.5785140991211,84.958251953125,0.0,20.0,51.0,-4.656612873077393e-10,-20.0
32,100,100,30,moving_belt,blue,false,true,joint 1 -,false,2024-03-04 15:33:39.904756,17.886,0.157,235.0,292.8220520019531,106.5785140991211,84.958251953125,0.0,20.0,51.0,-4.656612873077393e-10,-20.0
32,100,100,30,moving_belt,blue,false,true,joint 1 -,false,2024-03-04 15:33:40.594484,17.886,0.168,235.0,292.8220520019531,106.5785140991211,84.958251953125,0.0,20.0,51.0,-4.656612873077393e-10,-20.0
32,100,100,30,moving_belt,blue,false,true,joint 1 -,false,2024-03-04 15:33:41.981415,17.62,0.168,236.8,292.8220520019531,106.5785140991211,84.958251953125,0.0,20.0,51.0,-4.656612873077393e-10,-20.0
32,100,100,30,moving_belt,blue,false,true,joint 1 -,false,2024-03-04 15:33:42.670112,17.867,0.169,236.8,292.8220520019531,106.5785140991211,84.958251953125,0.0,20.0,51.0,-4.656612873077393e-10,-20.0
32,100,100,30,moving_belt,blue,false,true,joint 1 -,false,2024-03-04 15:33:44.044860,17.563,0.169,235.0,292.8220520019531,106.5785140991211,84.958251953125,0.0,20.0,51.0,-4.656612873077393e-10,-20.0
32,100,100,30,moving_belt,blue,false,true,joint 1 -,false,2024-03-04 15:33:44.733828,17.696,0.168,235.0,292.8220520019531,106.5785140991211,84.958251953125,0.0,20.0,51.0,-4.656612873077393e-10,-20.0
32,100,100,30,moving_belt,blue,false,true,joint 1 -,false,2024-03-04 15:33:46.117304,17.696,0.168,235.0,292.8220520019531,106.5785140991211,84.958251953125,0.0,20.0,51.0,-4.656612873077393e-10,-20.0
32,100,100,30,moving_belt,blue,false,true,joint 1 -,false,2024-03-04 15:33:46.806999,17.715,0.168,235.0,292.8220520019531,106.5785140991211,84.958251953125,0.0,20.0,51.0,-4.656612873077393e-10,-20.0
32,100,100,30,go_to_pick_down,blue,true,false,joint 3 +,false,2024-03-04 15:33:48.200008,16.975,0.168,235.0,283.73455810546875,103.27093505859375,32.52097702026367,0.0,20.0,51.0,21.174827575683594,-20.0
32,100,100,30,go_to_pick_up_from_pick_down,blue,true,false,joint 3 -,true,2024-03-04 15:33:48.894477,16.975,0.192,235.0,292.82086181640625,106.57808685302734,84.35104370117188,0.0,20.0,51.0,0.12050371617078781,-20.0
32,100,100,30,go_to_color_detect_up_from_pick_up,blue,true,false,joint 1 +,true,2024-03-04 15:33:49.586438,22.747,0.192,235.0,192.2506866455078,245.2415313720703,84.958251953125,31.906253814697266,52.9095344543457,51.0,0.0,-20.0
32,100,100,30,go_to_color_detect_down,blue,true,false,joint 3 +,true,2024-03-04 15:33:50.976161,22.272,0.204,235.0,131.2519073486328,281.4706115722656,67.45097351074219,45.0,65.0,51.0,7.599998474121094,-20.0
32,100,100,30,go_to_color_detect_up_from_color_detect_down,blue,true,false,joint 3 -,false,2024-03-04 15:33:51.665855,22.272,0.204,235.0,111.13883972167969,238.33799743652344,-24.284042358398438,45.0,65.0,51.0,48.0,-20.0
32,100,100,30,go_to_color_detect_up_from_color_detect_down,blue,true,false,joint 3 -,false,2024-03-04 15:33:53.046267,19.842,0.204,235.0,130.84326171875,280.5942687988281,60.71308135986328,45.0,65.0,51.0,8.642067909240723,-20.0
32,100,100,30,detecting_color,blue,false,false,detecting_color,false,2024-03-04 15:33:53.732640,19.842,0.163,235.0,131.69407653808594,282.4188232421875,84.958251953125,45.0,65.0,51.0,-4.656612873077393e-10,-20.0
32,100,100,30,go_to_color_detect_down,blue,true,false,joint 3 +,false,2024-03-04 15:33:55.109395,16.88,0.163,236.8,131.6935272216797,282.41766357421875,84.34249877929688,45.0,65.0,51.0,0.3999999165534973,-20.0
32,100,100,30,go_to_color_detect_down,blue,true,false,joint 3 +,false,2024-03-04 15:33:55.796847,16.348,0.158,236.8,115.97435760498047,248.70779418945312,-12.776542663574219,45.0,65.0,51.0,42.363059997558594,-20.0
32,100,100,30,go_to_color_detect_up_from_color_detect_down,blue,true,false,joint 3 -,true,2024-03-04 15:33:57.174603,16.481,0.158,236.8,125.61415100097656,269.3804016113281,21.534198760986328,45.0,65.0,51.0,24.20000457763672,-20.0
32,100,100,30,go_to_red_up,red,true,false,joint 1 +,true,2024-03-04 15:33:57.865140,23.336,0.214,236.8,122.75809478759766,286.4161071777344,84.958251953125,46.80000305175781,67.20000457763672,51.0,-4.656612873077393e-10,-20.0
32,100,100,30,go_to_red_up,red,true,false,joint 1 +,true,2024-03-04 15:33:59.243084,22.69,0.214,236.8,-141.61239624023438,277.57818603515625,84.958251953125,97.02935791015625,117.80774688720703,51.0,-4.656612873077393e-10,-20.0
32,100,100,30,go_to_pick_up_from_red,red,true,false,joint 1 -,false,2024-03-04 15:33:59.946044,22.69,0.208,236.8,-81.49203491210938,300.77032470703125,84.958251953125,85.15999603271484,103.87999725341797,51.0,-4.656612873077393e-10,-20.0
32,100,100,30,go_to_pick_up_from_red,red,true,false,joint 1 -,false,2024-03-04 15:34:00.635509,19.823,0.208,236.8,268.2752380371094,158.5311279296875,84.958251953125,10.579992294311523,29.67999267578125,51.0,-4.656612873077393e-10,-20.0
32,100,100,30,moving_belt,red,false,true,joint 1 -,false,2024-03-04 15:34:02.017679,16.538,0.16,236.8,292.8220520019531,106.5785140991211,84.958251953125,0.0,20.0,51.0,-4.656612873077393e-10,-20.0
32,100,100,30,moving_belt,red,false,true,joint 1 -,false,2024-03-04 15:34:02.721325,17.62,0.16,236.8,292.8220520019531,106.5785140991211,84.958251953125,0.0,20.0,51.0,-4.656612873077393e-10,-20.0
32,100,100,30,moving_belt,red,false,true,joint 1 -,false,2024-03-04 15:34:04.101984,17.696,0.169,236.8,292.8220520019531,106.5785140991211,84.958251953125,0.0,20.0,51.0,-4.656612873077393e-10,-20.0
32,100,100,30,moving_belt,red,false,true,joint 1 -,false,2024-03-04 15:34:04.791885,17.734,0.169,236.8,292.8220520019531,106.5785140991211,84.958251953125,0.0,20.0,51.0,-4.656612873077393e-10,-20.0
32,100,100,30,moving_belt,red,false,true,joint 1 -,false,2024-03-04 15:34:06.174785,17.563,0.169,236.8,292.8220520019531,106.5785140991211,84.958251953125,0.0,20.0,51.0,-4.656612873077393e-10,-20.0
32,100,100,30,moving_belt,red,false,true,joint 1 -,false,2024-03-04 15:34:06.919305,17.563,0.169,236.8,292.8220520019531,106.5785140991211,84.958251953125,0.0,20.0,51.0,-4.656612873077393e-10,-20.0
32,100,100,30,moving_belt,red,false,true,joint 1 -,false,2024-03-04 15:34:07.607589,17.753,0.169,236.8,292.8220520019531,106.5785140991211,84.958251953125,0.0,20.0,51.0,-4.656612873077393e-10,-20.0
32,100,100,30,moving_belt,red,false,true,joint 1 -,false,2024-03-04 15:34:09.093100,17.639,0.169,236.8,292.8220520019531,106.5785140991211,84.958251953125,0.0,20.0,51.0,-4.656612873077393e-10,-20.0
32,100,100,30,moving_belt,red,false,true,joint 1 -,false,2024-03-04 15:34:09.780030,17.677,0.169,236.8,292.8220520019531,106.5785140991211,84.958251953125,0.0,20.0,51.0,-4.656612873077393e-10,-20.0
32,100,100,30,go_to_pick_down,red,true,false,joint 3 +,false,2024-03-04 15:34:11.160395,17.544,0.166,236.8,288.4434509277344,104.98483276367188,48.24016571044922,0.0,20.0,51.0,15.220831871032715,-20.0
32,100,100,30,go_to_pick_up_from_pick_down,red,true,false,joint 3 -,true,2024-03-04 15:34:11.854999,16.253,0.166,236.8,292.4590759277344,106.44640350341797,74.30866241455078,0.0,20.0,51.0,3.598332643508911,-20.0
32,100,100,30,go_to_color_detect_up_from_pick_up,red,true,false,joint 1 +,true,2024-03-04 15:34:13.246711,22.899,0.212,236.8,234.74993896484375,204.9297637939453,84.958251953125,21.119998931884766,42.439998626708984,51.0,0.0,-20.0
32,100,100,30,go_to_color_detect_down,red,true,false,joint 3 +,true,2024-03-04 15:34:13.996441,22.69,0.212,236.8,131.64828491210938,282.3206481933594,79.31524658203125,45.0,65.0,51.0,2.6399993896484375,-20.0
32,100,100,30,go_to_color_detect_down,red,true,false,joint 3 +,true,2024-03-04 15:34:14.785587,22.045,0.202,236.8,111.5094223022461,239.13270568847656,-23.488121032714844,45.0,65.0,51.0,47.709716796875,-20.0
32,100,100,30,go_to_color_detect_up_from_color_detect_down,red,true,false,joint 3 -,false,2024-03-04 15:34:15.609117,22.14,0.202,236.8,128.73878479003906,276.0812072753906,40.15884017944336,45.0,65.0,51.0,16.572317123413086,-20.0
32,100,100,30,detecting_color,red,false,false,detecting_color,false,2024-03-04 15:34:17.252443,17.089,0.164,236.8,131.69407653808594,282.4188232421875,84.958251953125,45.0,65.0,51.0,-4.656612873077393e-10,-20.0
32,100,100,30,detecting_color,red,false,false,detecting_color,false,2024-03-04 15:34:18.113062,16.443,0.164,236.8,131.69407653808594,282.4188232421875,84.958251953125,45.0,65.0,51.0,-4.656612873077393e-10,-20.0
32,100,100,30,go_to_color_detect_down,red,true,false,joint 3 +,false,2024-03-04 15:34:18.802530,16.443,0.164,236.8,121.2841567993164,260.0946960449219,3.502349853515625,45.0,65.0,51.0,34.7015266418457,-20.0
32,100,100,30,go_to_color_detect_up_from_color_detect_down,red,true,false,joint 3 -,true,2024-03-04 15:34:20.198445,16.291,0.157,236.8,119.21041107177734,255.64755249023438,-3.4265670776367188,45.0,65.0,51.0,36.0,-20.0
32,100,100,30,go_to_green_up,green,true,false,joint 1 +,true,2024-03-04 15:34:20.895545,18.76,0.157,236.8,131.49684143066406,282.5107116699219,84.958251953125,45.040000915527344,65.12000274658203,51.0,-4.656612873077393e-10,-20.0
32,100,100,30,go_to_green_up,green,true,false,joint 1 +,true,2024-03-04 15:34:21.604661,23.431,0.209,236.8,-60.61594009399414,305.66229248046875,84.958251953125,81.21680450439453,101.74662780761719,51.0,-4.656612873077393e-10,-20.0
32,100,100,30,go_to_pick_up_from_green,green,true,false,joint 1 -,false,2024-03-04 15:34:22.994703,20.753,0.209,236.8,70.73384857177734,303.4805603027344,84.958251953125,56.87998962402344,75.35999298095703,51.0,-4.656612873077393e-10,-20.0
32,100,100,30,go_to_pick_up_from_green,green,true,false,joint 1 -,false,2024-03-04 15:34:23.690479,20.753,0.158,236.8,291.1213684082031,111.13993072509766,84.958251953125,0.8951034545898438,20.64728546142578,51.0,-4.656612873077393e-10,-20.0
32,100,100,30,moving_belt,green,false,true,joint 1 -,false,2024-03-04 15:34:25.078074,16.443,0.158,236.8,292.8220520019531,106.5785140991211,84.958251953125,0.0,20.0,51.0,-4.656612873077393e-10,-20.0
32,100,100,30,moving_belt,green,false,true,joint 1 -,false,2024-03-04 15:34:25.782179,17.81,0.168,236.8,292.8220520019531,106.5785140991211,84.958251953125,0.0,20.0,51.0,-4.656612873077393e-10,-20.0
32,100,100,30,moving_belt,green,false,true,joint 1 -,false,2024-03-04 15:34:27.191492,17.677,0.168,236.8,292.8220520019531,106.5785140991211,84.958251953125,0.0,20.0,51.0,-4.656612873077393e-10,-20.0
32,100,100,30,moving_belt,green,false,true,joint 1 -,false,2024-03-04 15:34:27.897106,17.639,0.168,236.8,292.8220520019531,106.5785140991211,84.958251953125,0.0,20.0,51.0,-4.656612873077393e-10,-20.0
32,100,100,30,moving_belt,green,false,true,joint 1 -,false,2024-03-04 15:34:28.591929,17.639,0.168,236.8,292.8220520019531,106.5785140991211,84.958251953125,0.0,20.0,51.0,-4.656612873077393e-10,-20.0
32,100,100,30,moving_belt,green,false,true,joint 1 -,false,2024-03-04 15:34:29.980073,17.658,0.168,236.8,292.8220520019531,106.5785140991211,84.958251953125,0.0,20.0,51.0,-4.656612873077393e-10,-20.0
32,100,100,30,moving_belt,green,false,true,joint 1 -,false,2024-03-04 15:34:30.668000,17.658,0.169,236.8,292.8220520019531,106.5785140991211,84.958251953125,0.0,20.0,51.0,-4.656612873077393e-10,-20.0
32,100,100,30,moving_belt,green,false,true,joint 1 -,false,2024-03-04 15:34:32.056260,17.601,0.169,235.0,292.8220520019531,106.5785140991211,84.958251953125,0.0,20.0,51.0,-4.656612873077393e-10,-20.0
32,100,100,30,moving_belt,green,false,true,joint 1 -,false,2024-03-04 15:34:32.748818,17.677,0.168,235.0,292.8220520019531,106.5785140991211,84.958251953125,0.0,20.0,51.0,-4.656612873077393e-10,-20.0
32,100,100,30,go_to_pick_up_from_pick_down,green,true,false,joint 3 -,true,2024-03-04 15:34:34.124044,17.715,0.168,236.8,283.1153869628906,103.04557800292969,30.826858520507812,0.0,20.0,51.0,21.76332664489746,-20.0
32,100,100,30,go_to_color_detect_up_from_pick_up,green,true,false,joint 1 +,true,2024-03-04 15:34:34.811500,16.69,0.158,236.8,292.8220520019531,106.5785140991211,84.958251953125,0.0,20.0,51.0,0.0,-20.0
32,100,100,30,go_to_color_detect_up_from_pick_up,green,true,false,joint 1 +,true,2024-03-04 15:34:36.206751,23.032,0.158,236.8,171.88888549804688,259.9190979003906,84.958251953125,36.52266311645508,57.32594299316406,51.0,0.0,-20.0
32,100,100,30,go_to_color_detect_down,green,true,false,joint 3 +,true,2024-03-04 15:34:36.904332,22.576,0.205,236.8,130.10182189941406,279.0042419433594,51.890445709228516,45.0,65.0,51.0,14.039999008178711,-20.0
32,100,100,30,go_to_color_detect_up_from_color_detect_down,green,true,false,joint 3 -,false,2024-03-04 15:34:37.606158,22.045,0.205,236.8,112.03331756591797,240.25621032714844,-22.340538024902344,45.0,65.0,51.0,46.55999755859375,-20.0
32,100,100,30,go_to_color_detect_up_from_color_detect_down,green,true,false,joint 3 -,false,2024-03-04 15:34:38.998884,22.026,0.163,236.8,131.55726623535156,282.1254577636719,75.20805358886719,45.0,65.0,51.0,3.271817207336426,-20.0
32,100,100,30,detecting_color,green,false,false,detecting_color,false,2024-03-04 15:34:39.689945,17.108,0.163,236.8,131.69407653808594,282.4188232421875,84.958251953125,45.0,65.0,51.0,-4.656612873077393e-10,-20.0
32,100,100,30,go_to_color_detect_down,green,true,false,joint 3 +,false,2024-03-04 15:34:41.070117,16.348,0.163,236.8,131.60198974609375,282.2213439941406,76.95742797851562,45.0,65.0,51.0,3.6399993896484375,-20.0
32,100,100,30,go_to_color_detect_down,green,true,false,joint 3 +,false,2024-03-04 15:34:41.765567,16.348,0.155,236.8,112.3698501586914,240.9779052734375,-21.58929443359375,45.0,65.0,51.0,46.78459167480469,-20.0
32,100,100,30,go_to_color_detect_up_from_color_detect_down,green,true,false,joint 3 -,true,2024-03-04 15:34:43.156752,20.165,0.155,236.8,129.75582885742188,278.26226806640625,48.52571487426758,45.0,65.0,51.0,13.298473358154297,-20.0
32,100,100,30,go_to_blue_up,blue,true,false,joint 1 +,true,2024-03-04 15:34:43.856391,23.241,0.213,236.8,104.32667541503906,293.6318664550781,84.958251953125,50.44000244140625,71.12000274658203,51.0,-4.656612873077393e-10,-20.0
32,100,100,30,go_to_pick_up_from_blue,blue,true,false,joint 1 -,false,2024-03-04 15:34:45.232918,22.424,0.213,236.8,76.65227508544922,302.0400085449219,84.958251953125,55.75999450683594,74.87999725341797,51.0,-4.656612873077393e-10,-20.0
32,100,100,30,go_to_pick_up_from_blue,blue,true,false,joint 1 -,false,2024-03-04 15:34:45.926028,16.538,0.174,236.8,287.94061279296875,119.13826751708984,84.958251953125,2.4778079986572266,22.05290412902832,51.0,-4.656612873077393e-10,-20.0
32,100,100,30,moving_belt,blue,false,true,joint 1 -,false,2024-03-04 15:34:46.873459,16.538,0.174,236.8,292.8220520019531,106.5785140991211,84.958251953125,0.0,20.0,51.0,-4.656612873077393e-10,-20.0
32,100,100,30,moving_belt,blue,false,true,joint 1 -,false,2024-03-04 15:34:48.260303,17.848,0.169,236.8,292.8220520019531,106.5785140991211,84.958251953125,0.0,20.0,51.0,-4.656612873077393e-10,-20.0
32,100,100,30,moving_belt,blue,false,true,joint 1 -,false,2024-03-04 15:34:48.954272,17.848,0.169,236.8,292.8220520019531,106.5785140991211,84.958251953125,0.0,20.0,51.0,-4.656612873077393e-10,-20.0
32,100,100,30,moving_belt,blue,false,true,joint 1 -,false,2024-03-04 15:34:49.644300,17.772,0.169,236.8,292.8220520019531,106.5785140991211,84.958251953125,0.0,20.0,51.0,-4.656612873077393e-10,-20.0
