meross/sample_timestamp,meross/power,meross/current,meross/voltage
,,,
,,,
,,,
,,,
,,,
2023-09-30 09:50:43.234548,0.854,0.034,236.8
2023-09-30 09:50:44.605626,0.854,0.034,236.8
2023-09-30 09:50:45.619720,0.892,0.034,236.8
2023-09-30 09:50:46.434271,0.892,0.034,236.8
2023-09-30 09:50:47.338290,0.892,0.034,236.8
2023-09-30 09:50:49.011427,0.892,0.037,236.8
2023-09-30 09:50:49.799420,0.892,0.037,236.8
2023-09-30 09:50:50.618207,0.892,0.034,236.8
2023-09-30 09:50:51.434537,0.892,0.034,236.8
2023-09-30 09:50:53.087544,0.892,0.039,236.8
2023-09-30 09:50:53.901328,0.892,0.039,236.8
2023-09-30 09:50:54.729870,0.892,0.039,236.8
2023-09-30 09:50:55.446456,0.892,0.034,236.8
2023-09-30 09:50:56.259870,0.892,0.034,236.8
2023-09-30 09:50:57.928354,0.892,0.037,236.8
2023-09-30 09:50:58.715458,0.892,0.037,236.8
2023-09-30 09:50:59.460190,0.892,0.037,236.8
2023-09-30 09:51:01.120480,0.892,0.034,236.8
2023-09-30 09:51:01.878695,0.892,0.033,236.8
2023-09-30 09:51:02.700412,0.892,0.033,236.8
2023-09-30 09:51:03.518650,0.892,0.033,236.8
2023-09-30 09:51:04.342435,0.892,0.034,236.8
2023-09-30 09:51:05.976637,0.892,0.034,236.8
2023-09-30 09:51:06.795210,0.892,0.034,236.8
2023-09-30 09:51:07.614341,0.892,0.034,236.8
2023-09-30 09:51:08.436743,0.892,0.034,236.8
2023-09-30 09:51:09.975444,0.873,0.035,236.8
2023-09-30 09:51:10.791926,0.873,0.035,236.8
2023-09-30 09:51:11.610494,0.873,0.034,236.8
2023-09-30 09:51:12.431708,0.873,0.034,236.8
2023-09-30 09:51:13.955138,0.873,0.033,236.8
2023-09-30 09:51:14.790263,0.873,0.033,236.8
2023-09-30 09:51:15.636624,0.873,0.033,236.8
2023-09-30 09:51:16.435587,0.873,0.034,236.8
2023-09-30 09:51:17.371909,0.873,0.034,236.8
2023-09-30 09:51:18.985823,0.873,0.034,236.8
2023-09-30 09:51:19.827341,0.873,0.034,236.8
2023-09-30 09:51:20.619082,0.873,0.034,236.8
2023-09-30 09:51:21.440626,0.873,0.034,236.8
2023-09-30 09:51:23.077403,0.873,0.034,236.8
2023-09-30 09:51:23.999742,0.873,0.034,236.8
2023-09-30 09:51:24.817574,0.873,0.034,236.8
2023-09-30 09:51:25.867485,0.873,0.034,236.8
2023-09-30 09:51:26.573474,0.873,0.034,236.8
2023-09-30 09:51:27.379918,0.873,0.034,236.8
2023-09-30 09:51:29.121596,0.873,0.034,236.8
2023-09-30 09:51:29.940311,0.873,0.034,236.8
2023-09-30 09:51:30.752360,0.873,0.034,236.8
2023-09-30 09:51:31.631694,0.873,0.034,236.8
2023-09-30 09:51:32.401818,0.816,0.034,236.8
2023-09-30 09:51:34.035177,0.816,0.034,236.8
2023-09-30 09:51:34.856700,0.816,0.034,236.8
2023-09-30 09:51:35.561871,0.816,0.033,236.8
2023-09-30 09:51:37.106548,0.816,0.033,236.8
2023-09-30 09:51:37.926436,0.816,0.034,236.8
2023-09-30 09:51:38.744682,0.816,0.034,236.8
2023-09-30 09:51:39.564274,0.816,0.034,236.8
2023-09-30 09:51:41.028458,0.816,0.034,236.8
2023-09-30 09:51:41.851091,0.816,0.034,236.8
2023-09-30 09:51:42.636630,0.816,0.038,236.8
2023-09-30 09:51:43.454917,0.816,0.038,236.8
2023-09-30 09:51:45.094719,0.816,0.034,236.8
2023-09-30 09:51:45.940355,0.816,0.034,236.8
2023-09-30 09:51:46.731894,0.816,0.034,236.8
2023-09-30 09:51:47.550465,0.816,0.034,236.8
2023-09-30 09:51:48.428507,0.816,0.034,236.8
2023-09-30 09:51:50.015303,0.816,0.034,236.8
2023-09-30 09:51:50.828536,0.816,0.034,236.8
2023-09-30 09:51:51.649543,0.816,0.034,236.8
2023-09-30 09:51:52.482631,0.816,0.034,236.8
2023-09-30 09:51:54.105108,0.816,0.034,236.8
2023-09-30 09:51:54.924967,0.816,0.034,236.8
2023-09-30 09:51:55.746054,0.854,0.034,236.8
2023-09-30 09:51:56.563420,0.854,0.033,236.8
2023-09-30 09:51:57.381356,0.854,0.033,236.8
2023-09-30 09:51:58.941011,0.854,0.034,236.8
2023-09-30 09:51:59.739781,0.854,0.034,236.8
2023-09-30 09:52:00.679335,0.854,0.034,236.8
2023-09-30 09:52:01.477642,0.854,0.034,236.8
2023-09-30 09:52:03.116798,0.854,0.033,236.8
2023-09-30 09:52:03.936257,0.854,0.033,236.8
2023-09-30 09:52:04.790093,0.854,0.033,236.8
2023-09-30 09:52:05.580745,0.854,0.034,236.8
2023-09-30 09:52:06.392711,0.854,0.034,236.8
2023-09-30 09:52:08.033644,0.854,0.036,236.8
2023-09-30 09:52:08.850209,0.854,0.036,236.8
2023-09-30 09:52:09.669660,0.854,0.036,236.8
2023-09-30 09:52:11.145976,0.854,0.034,236.8
2023-09-30 09:52:11.921611,0.854,0.034,236.8
2023-09-30 09:52:12.742450,0.854,0.034,236.8
2023-09-30 09:52:13.663652,0.854,0.034,236.8
2023-09-30 09:52:14.487414,0.854,0.034,236.8
2023-09-30 09:52:16.152484,0.854,0.035,236.8
2023-09-30 09:52:16.941273,0.854,0.034,236.8
2023-09-30 09:52:17.774356,0.854,0.034,236.8
2023-09-30 09:52:18.578444,0.873,0.034,236.8
2023-09-30 09:52:19.402457,0.873,0.036,236.8
2023-09-30 09:52:20.988145,0.873,0.036,236.8
2023-09-30 09:52:21.752237,0.873,0.034,236.8
2023-09-30 09:52:22.573423,0.873,0.034,236.8
2023-09-30 09:52:23.394331,0.873,0.034,236.8
2023-09-30 09:52:25.030591,0.873,0.033,236.8
2023-09-30 09:52:25.849575,0.873,0.033,236.8
2023-09-30 09:52:26.671509,0.873,0.037,236.8
2023-09-30 09:52:27.487549,0.873,0.037,236.8
2023-09-30 09:52:29.128371,0.873,0.034,236.8
2023-09-30 09:52:29.945710,0.873,0.034,236.8
2023-09-30 09:52:30.764322,0.873,0.037,236.8
2023-09-30 09:52:31.584068,0.873,0.037,236.8
2023-09-30 09:52:32.405622,0.873,0.037,236.8
2023-09-30 09:52:34.068452,0.873,0.034,236.8
2023-09-30 09:52:34.917613,0.873,0.034,236.8
2023-09-30 09:52:35.718875,0.873,0.034,236.8
2023-09-30 09:52:36.434245,0.873,0.034,236.8
2023-09-30 09:52:37.926445,0.873,0.034,236.8
2023-09-30 09:52:38.648207,0.873,0.034,236.8
2023-09-30 09:52:39.468912,0.873,0.034,236.8
2023-09-30 09:52:41.110708,0.873,0.034,236.8
2023-09-30 09:52:41.925767,0.854,0.034,236.8
2023-09-30 09:52:42.746279,0.854,0.034,236.8
2023-09-30 09:52:43.564206,0.854,0.034,236.8
2023-09-30 09:52:44.384299,0.854,0.034,236.8
2023-09-30 09:52:45.910339,0.854,0.036,236.8
2023-09-30 09:52:46.643114,0.854,0.036,236.8
2023-09-30 09:52:47.558577,0.854,0.036,236.8
2023-09-30 09:52:49.040440,0.854,0.037,236.8
2023-09-30 09:52:49.810683,0.854,0.037,236.8
2023-09-30 09:52:50.665745,0.854,0.037,236.8
2023-09-30 09:52:51.452852,0.854,0.034,236.8
2023-09-30 09:52:53.087585,0.854,0.034,236.8
2023-09-30 09:52:53.910332,0.854,0.034,236.8
2023-09-30 09:52:54.730262,0.854,0.034,236.8
2023-09-30 09:52:55.550110,0.854,0.034,236.8
2023-09-30 09:52:57.186344,0.854,0.034,236.8
2023-09-30 09:52:58.010306,0.854,0.034,236.8
2023-09-30 09:52:58.821772,0.854,0.034,236.8
2023-09-30 09:52:59.643210,0.854,0.034,236.8
2023-09-30 09:53:00.460333,0.854,0.034,236.8
2023-09-30 09:53:02.103083,0.854,0.034,236.8
2023-09-30 09:53:02.917981,0.854,0.034,236.8
2023-09-30 09:53:03.738418,0.854,0.034,236.8
2023-09-30 09:53:04.556206,0.854,0.034,236.8
2023-09-30 09:53:06.030070,0.854,0.034,236.8
2023-09-30 09:53:06.812558,0.854,0.034,236.8
2023-09-30 09:53:07.517956,0.854,0.034,236.8
2023-09-30 09:53:09.167727,0.854,0.034,236.8
2023-09-30 09:53:09.984319,0.854,0.034,236.8
2023-09-30 09:53:10.691540,0.854,0.034,236.8
2023-09-30 09:53:11.417201,0.854,0.034,236.8
2023-09-30 09:53:13.056232,0.854,0.034,236.8
2023-09-30 09:53:13.876011,0.854,0.034,236.8
2023-09-30 09:53:14.580771,0.854,0.036,236.8
2023-09-30 09:53:15.406222,0.854,0.036,236.8
2023-09-30 09:53:17.052992,0.854,0.034,236.8
2023-09-30 09:53:17.869439,0.854,0.034,236.8
2023-09-30 09:53:18.690405,0.854,0.034,236.8
2023-09-30 09:53:19.509360,0.854,0.034,236.8
2023-09-30 09:53:20.326399,0.854,0.034,236.8
2023-09-30 09:53:22.069109,0.854,0.034,236.8
2023-09-30 09:53:22.887034,0.835,0.034,236.8
2023-09-30 09:53:23.596646,0.835,0.034,236.8
2023-09-30 09:53:24.323311,0.835,0.034,236.8
2023-09-30 09:53:26.062389,0.835,0.034,236.8
2023-09-30 09:53:26.892961,0.835,0.034,236.8
2023-09-30 09:53:27.699697,0.835,0.034,236.8
2023-09-30 09:53:28.439081,0.835,0.034,236.8
2023-09-30 09:53:29.946163,0.835,0.034,236.8
2023-09-30 09:53:30.688533,0.835,0.037,236.8
2023-09-30 09:53:31.571605,0.835,0.037,236.8
2023-09-30 09:53:32.317782,0.835,0.037,236.8
2023-09-30 09:53:34.086295,0.835,0.034,236.8
2023-09-30 09:53:34.865759,0.835,0.034,236.8
2023-09-30 09:53:35.687165,0.835,0.034,236.8
2023-09-30 09:53:36.398520,0.835,0.034,236.8
2023-09-30 09:53:38.146181,0.835,0.037,236.8
2023-09-30 09:53:38.964012,0.835,0.037,236.8
2023-09-30 09:53:39.786337,0.835,0.034,236.8
2023-09-30 09:53:40.604015,0.835,0.034,236.8
2023-09-30 09:53:42.127404,0.835,0.034,236.8
2023-09-30 09:53:42.856182,0.835,0.034,236.8
2023-09-30 09:53:43.707887,0.835,0.034,236.8
2023-09-30 09:53:44.493217,0.835,0.034,236.8
2023-09-30 09:53:46.131618,0.835,0.034,236.8
2023-09-30 09:53:46.844024,0.835,0.034,236.8
2023-09-30 09:53:47.547635,0.835,0.034,236.8
2023-09-30 09:53:49.000113,0.835,0.034,236.8
2023-09-30 09:53:49.818872,0.835,0.034,236.8
2023-09-30 09:53:50.637474,0.835,0.034,236.8
2023-09-30 09:53:51.495525,0.835,0.036,236.8
2023-09-30 09:53:53.097554,0.835,0.036,236.8
2023-09-30 09:53:53.916305,0.835,0.034,236.8
2023-09-30 09:53:54.742600,0.835,0.034,236.8
2023-09-30 09:53:55.556134,0.835,0.034,236.8
2023-09-30 09:53:57.193352,0.835,0.033,236.8
2023-09-30 09:53:58.031407,0.835,0.038,236.8
2023-09-30 09:53:58.864339,0.835,0.038,236.8
2023-09-30 09:53:59.601577,0.835,0.038,236.8
2023-09-30 09:54:01.085523,0.835,0.038,236.8
2023-09-30 09:54:01.930972,0.835,0.038,236.8
2023-09-30 09:54:02.720299,0.835,0.034,236.8
2023-09-30 09:54:03.539382,0.835,0.034,236.8
2023-09-30 09:54:05.138260,0.835,0.038,236.8
2023-09-30 09:54:05.999331,0.835,0.038,236.8
2023-09-30 09:54:06.869175,0.835,0.038,236.8
2023-09-30 09:54:07.691355,0.835,0.034,236.8
2023-09-30 09:54:08.706220,0.835,0.034,236.8
2023-09-30 09:54:09.535748,0.835,0.034,236.8
2023-09-30 09:54:11.085044,0.873,0.034,236.8
2023-09-30 09:54:11.835095,0.873,0.035,236.8
2023-09-30 09:54:12.656013,0.873,0.035,236.8
2023-09-30 09:54:14.192085,0.873,0.034,236.8
2023-09-30 09:54:15.009255,0.873,0.034,236.8
2023-09-30 09:54:15.845186,0.873,0.034,236.8
2023-09-30 09:54:16.649979,0.873,0.034,236.8
2023-09-30 09:54:17.467203,0.873,0.034,236.8
2023-09-30 09:54:19.107399,0.873,0.034,236.8
2023-09-30 09:54:19.923965,0.873,0.033,236.8
2023-09-30 09:54:20.743864,0.873,0.033,236.8
2023-09-30 09:54:22.183098,0.873,0.035,236.8
2023-09-30 09:54:22.998305,0.873,0.035,236.8
2023-09-30 09:54:23.815970,0.873,0.036,236.8
2023-09-30 09:54:24.634995,0.873,0.036,236.8
2023-09-30 09:54:25.474015,0.873,0.036,236.8
2023-09-30 09:54:27.093482,0.873,0.034,236.8
2023-09-30 09:54:27.910999,0.873,0.034,236.8
2023-09-30 09:54:28.760198,0.873,0.038,236.8
2023-09-30 09:54:29.581624,0.873,0.038,236.8
2023-09-30 09:54:31.192391,0.873,0.035,236.8
2023-09-30 09:54:31.896290,0.873,0.035,236.8
2023-09-30 09:54:32.666516,0.873,0.035,236.8
2023-09-30 09:54:34.207189,0.873,0.033,236.8
2023-09-30 09:54:34.976385,0.873,0.033,236.8
2023-09-30 09:54:35.800672,0.873,0.034,236.8
2023-09-30 09:54:36.648184,0.873,0.034,236.8
2023-09-30 09:54:37.441345,0.873,0.034,236.8
2023-09-30 09:54:39.074047,0.873,0.034,236.8
2023-09-30 09:54:39.962983,0.873,0.033,236.8
2023-09-30 09:54:40.711185,0.873,0.033,236.8
2023-09-30 09:54:42.247386,0.873,0.033,236.8
2023-09-30 09:54:43.068648,0.873,0.034,236.8
2023-09-30 09:54:43.886100,0.873,0.034,236.8
2023-09-30 09:54:44.595332,0.873,0.034,236.8
2023-09-30 09:54:46.240377,0.873,0.034,236.8
2023-09-30 09:54:47.094348,0.873,0.034,236.8
2023-09-30 09:54:47.881194,0.873,0.034,236.8
2023-09-30 09:54:48.701562,0.873,0.034,236.8
2023-09-30 09:54:49.619479,0.873,0.035,236.8
2023-09-30 09:54:50.445078,0.873,0.035,236.8
2023-09-30 09:54:52.115824,0.873,0.036,236.8
2023-09-30 09:54:52.897159,0.873,0.036,236.8
2023-09-30 09:54:53.716352,0.873,0.035,236.8
2023-09-30 09:54:54.555341,0.873,0.035,236.8
2023-09-30 09:54:56.071602,0.873,0.036,236.8
2023-09-30 09:54:56.890716,0.873,0.036,236.8
2023-09-30 09:54:57.713590,0.873,0.036,236.8
2023-09-30 09:54:59.252263,0.873,0.034,236.8
2023-09-30 09:55:00.065694,0.873,0.034,236.8
2023-09-30 09:55:00.885350,0.873,0.034,236.8
2023-09-30 09:55:01.703211,0.873,0.034,236.8
2023-09-30 09:55:02.525608,0.873,0.034,236.8
2023-09-30 09:55:04.165598,0.873,0.035,236.8
2023-09-30 09:55:04.980591,0.873,0.034,236.8
2023-09-30 09:55:05.864222,0.873,0.034,236.8
2023-09-30 09:55:06.755569,0.873,0.034,236.8
2023-09-30 09:55:07.547661,0.873,0.036,236.8
2023-09-30 09:55:09.180212,0.873,0.036,236.8
2023-09-30 09:55:10.095863,0.873,0.034,236.8
2023-09-30 09:55:10.991125,0.873,0.034,236.8
2023-09-30 09:55:11.770646,0.873,0.035,236.8
2023-09-30 09:55:12.562330,0.873,0.035,236.8
2023-09-30 09:55:14.196326,0.873,0.034,236.8
2023-09-30 09:55:15.043881,0.873,0.034,238.7
2023-09-30 09:55:15.835034,0.873,0.034,238.7
2023-09-30 09:55:16.656458,0.873,0.034,238.7
2023-09-30 09:55:18.193059,0.873,0.034,236.8
2023-09-30 09:55:19.009202,0.873,0.036,236.8
2023-09-30 09:55:19.830346,0.873,0.036,236.8
2023-09-30 09:55:20.636354,0.873,0.034,236.8
2023-09-30 09:55:22.186408,0.873,0.034,236.8
2023-09-30 09:55:22.958431,0.873,0.034,236.8
2023-09-30 09:55:23.723051,0.873,0.034,236.8
2023-09-30 09:55:24.542444,0.873,0.034,236.8
2023-09-30 09:55:26.181573,0.873,0.034,236.8
2023-09-30 09:55:26.997177,0.873,0.034,236.8
2023-09-30 09:55:27.918909,0.873,0.034,236.8
2023-09-30 09:55:28.739771,0.873,0.034,236.8
2023-09-30 09:55:29.556645,0.873,0.034,236.8
2023-09-30 09:55:31.245751,0.873,0.034,236.8
2023-09-30 09:55:32.013651,0.873,0.051,236.8
2023-09-30 09:55:32.833385,0.873,0.051,236.8
2023-09-30 09:55:33.760057,0.873,0.051,236.8
2023-09-30 09:55:34.576095,0.873,0.034,236.8
2023-09-30 09:55:36.213102,0.873,0.034,236.8
2023-09-30 09:55:37.032344,0.873,0.034,236.8
2023-09-30 09:55:37.855334,0.835,0.034,236.8
2023-09-30 09:55:38.795930,0.835,0.034,236.8
2023-09-30 09:55:39.595965,0.835,0.037,236.8
2023-09-30 09:55:41.234936,0.835,0.037,235.0
2023-09-30 09:55:41.940083,0.835,0.034,235.0
2023-09-30 09:55:42.787077,0.835,0.034,236.8
2023-09-30 09:55:43.657372,0.835,0.033,236.8
2023-09-30 09:55:44.416803,0.835,0.033,236.8
2023-09-30 09:55:46.266852,0.835,0.034,236.8
2023-09-30 09:55:47.074193,0.835,0.034,236.8
2023-09-30 09:55:47.895799,0.835,0.034,236.8
2023-09-30 09:55:48.808751,0.835,0.034,236.8
2023-09-30 09:55:49.627692,0.835,0.034,236.8
2023-09-30 09:55:51.164427,0.835,0.034,236.8
2023-09-30 09:55:52.088680,0.835,0.034,236.8
2023-09-30 09:55:52.903605,0.835,0.034,236.8
2023-09-30 09:55:53.759078,0.835,0.034,236.8
2023-09-30 09:55:54.541902,0.835,0.034,236.8
2023-09-30 09:55:56.181316,0.854,0.034,236.8
2023-09-30 09:55:57.043831,0.854,0.034,236.8
2023-09-30 09:55:57.762440,0.854,0.034,236.8
2023-09-30 09:55:59.184949,0.854,0.034,236.8
2023-09-30 09:56:00.024519,0.854,0.034,236.8
2023-09-30 09:56:01.032418,0.854,0.034,236.8
2023-09-30 09:56:01.831745,0.854,0.034,236.8
2023-09-30 09:56:02.709140,0.854,0.034,236.8
2023-09-30 09:56:04.271071,0.854,0.034,236.8
2023-09-30 09:56:05.089911,0.854,0.034,236.8
2023-09-30 09:56:05.909116,0.854,0.034,236.8
2023-09-30 09:56:06.728799,0.854,0.034,236.8
2023-09-30 09:56:07.553796,0.854,0.034,236.8
2023-09-30 09:56:09.185711,0.854,0.036,236.8
2023-09-30 09:56:10.005632,0.854,0.036,236.8
2023-09-30 09:56:10.828900,0.854,0.034,236.8
2023-09-30 09:56:11.647028,0.854,0.034,236.8
2023-09-30 09:56:13.076431,0.854,0.034,236.8
2023-09-30 09:56:13.999842,0.854,0.034,236.8
2023-09-30 09:56:14.826089,0.854,0.034,236.8
2023-09-30 09:56:15.650452,0.854,0.034,236.8
2023-09-30 09:56:17.275885,0.854,0.034,236.8
2023-09-30 09:56:18.095740,0.854,0.034,236.8
2023-09-30 09:56:18.918892,0.854,0.034,236.8
2023-09-30 09:56:19.733896,0.854,0.036,236.8
2023-09-30 09:56:20.555500,0.854,0.036,236.8
2023-09-30 09:56:22.224446,0.854,0.036,236.8
2023-09-30 09:56:23.012091,0.854,0.036,236.8
2023-09-30 09:56:23.880923,0.854,0.036,236.8
2023-09-30 09:56:24.648445,0.854,0.034,236.8
2023-09-30 09:56:26.287406,0.854,0.034,236.8
2023-09-30 09:56:27.076073,0.854,0.034,236.8
2023-09-30 09:56:27.877370,0.854,0.034,236.8
2023-09-30 09:56:28.698902,0.854,0.034,236.8
2023-09-30 09:56:30.283150,0.854,0.034,236.8
2023-09-30 09:56:31.133270,0.854,0.034,236.8
2023-09-30 09:56:31.918941,0.854,0.034,236.8
2023-09-30 09:56:32.738095,0.854,0.034,236.8
2023-09-30 09:56:33.573222,0.854,0.034,236.8
2023-09-30 09:56:35.197336,0.854,0.034,236.8
2023-09-30 09:56:36.021595,0.854,0.034,236.8
2023-09-30 09:56:36.760151,0.854,0.034,236.8
2023-09-30 09:56:37.557784,0.854,0.034,236.8
2023-09-30 09:56:39.190288,0.854,0.034,236.8
2023-09-30 09:56:40.016890,0.854,0.034,236.8
2023-09-30 09:56:40.828691,0.854,0.037,236.8
2023-09-30 09:56:41.646546,0.854,0.037,236.8
2023-09-30 09:56:43.187492,0.854,0.035,236.8
2023-09-30 09:56:44.107488,0.854,0.035,236.8
2023-09-30 09:56:44.924274,0.854,0.033,236.8
2023-09-30 09:56:45.743718,0.854,0.033,236.8
2023-09-30 09:56:46.563332,0.854,0.033,236.8
2023-09-30 09:56:48.238431,0.854,0.034,236.8
2023-09-30 09:56:49.019963,0.854,0.034,236.8
2023-09-30 09:56:49.857025,0.854,0.034,236.8
2023-09-30 09:56:50.705204,0.854,0.034,236.8
2023-09-30 09:56:52.297049,0.854,0.034,236.8
2023-09-30 09:56:53.173280,0.854,0.034,236.8
2023-09-30 09:56:54.070923,0.854,0.034,236.8
2023-09-30 09:56:54.857548,0.854,0.037,236.8
2023-09-30 09:56:55.676510,0.854,0.037,236.8
2023-09-30 09:56:57.314039,0.854,0.034,236.8
2023-09-30 09:56:58.134220,0.854,0.034,236.8
2023-09-30 09:56:58.953157,0.854,0.034,236.8
2023-09-30 09:56:59.771535,0.854,0.034,236.8
2023-09-30 09:57:00.603943,0.854,0.034,236.8
2023-09-30 09:57:02.230735,0.854,0.034,236.8
2023-09-30 09:57:03.186818,0.854,0.034,236.8
2023-09-30 09:57:04.090161,0.854,0.034,236.8
2023-09-30 09:57:04.892207,0.854,0.034,236.8
2023-09-30 09:57:05.817025,0.873,0.034,236.8
2023-09-30 09:57:06.662586,0.873,0.034,236.8
2023-09-30 09:57:08.280279,0.873,0.034,236.8
2023-09-30 09:57:09.124914,0.873,0.034,236.8
2023-09-30 09:57:09.909864,0.873,0.034,236.8
2023-09-30 09:57:10.727885,0.873,0.034,236.8
2023-09-30 09:57:11.551335,0.873,0.034,236.8
2023-09-30 09:57:13.109336,0.873,0.036,236.8
2023-09-30 09:57:13.838212,0.873,0.036,236.8
2023-09-30 09:57:14.620578,0.873,0.036,236.8
2023-09-30 09:57:16.261558,0.873,0.034,236.8
2023-09-30 09:57:17.078167,0.873,0.034,236.8
2023-09-30 09:57:17.957299,0.873,0.033,236.8
2023-09-30 09:57:18.763002,0.873,0.033,236.8
2023-09-30 09:57:19.537972,0.873,0.033,236.8
2023-09-30 09:57:21.173731,0.873,0.036,236.8
2023-09-30 09:57:22.001999,0.873,0.037,236.8
2023-09-30 09:57:22.812167,0.873,0.037,236.8
2023-09-30 09:57:23.631734,0.873,0.037,236.8
2023-09-30 09:57:25.272272,0.873,0.034,236.8
2023-09-30 09:57:26.090588,0.873,0.034,236.8
2023-09-30 09:57:26.908717,0.873,0.034,236.8
2023-09-30 09:57:27.728146,0.873,0.034,236.8
2023-09-30 09:57:28.548798,0.873,0.034,236.8
2023-09-30 09:57:30.203121,0.854,0.034,236.8
2023-09-30 09:57:31.005643,0.854,0.034,236.8
2023-09-30 09:57:31.928458,0.854,0.036,236.8
2023-09-30 09:57:32.745329,0.854,0.036,236.8
2023-09-30 09:57:34.281189,0.854,0.034,236.8
2023-09-30 09:57:35.102727,0.854,0.034,236.8
2023-09-30 09:57:35.901674,0.854,0.034,236.8
2023-09-30 09:57:36.789203,0.854,0.034,236.8
2023-09-30 09:57:37.644743,0.854,0.034,236.8
2023-09-30 09:57:38.598684,0.854,0.034,236.8
2023-09-30 09:57:40.327992,0.854,0.034,236.8
2023-09-30 09:57:41.145197,0.854,0.034,236.8
2023-09-30 09:57:41.961844,0.854,0.034,236.8
2023-09-30 09:57:42.677680,0.854,0.034,236.8
2023-09-30 09:57:44.251246,0.854,0.034,236.8
2023-09-30 09:57:45.343900,0.854,0.034,236.8
2023-09-30 09:57:46.215986,0.854,0.033,236.8
2023-09-30 09:57:47.025699,0.854,0.033,236.8
2023-09-30 09:57:47.847831,0.854,0.033,236.8
2023-09-30 09:57:48.619783,0.854,0.035,236.8
2023-09-30 09:57:50.256266,0.854,0.036,236.8
2023-09-30 09:57:51.075730,0.854,0.036,236.8
2023-09-30 09:57:51.921012,0.854,0.036,236.8
2023-09-30 09:57:52.713619,0.854,0.035,236.8
2023-09-30 09:57:53.532381,0.854,0.035,236.8
2023-09-30 09:57:55.173133,0.854,0.034,236.8
2023-09-30 09:57:55.990925,0.854,0.034,236.8
2023-09-30 09:57:56.699986,0.854,0.036,236.8
2023-09-30 09:57:57.628416,0.854,0.036,236.8
2023-09-30 09:57:59.168354,0.854,0.034,236.8
2023-09-30 09:57:59.985598,0.854,0.034,236.8
2023-09-30 09:58:00.803593,0.854,0.034,236.8
2023-09-30 09:58:01.623781,0.854,0.034,236.8
2023-09-30 09:58:03.261846,0.854,0.034,236.8
2023-09-30 09:58:04.085198,0.854,0.034,236.8
2023-09-30 09:58:04.899474,0.854,0.034,236.8
2023-09-30 09:58:05.718753,0.854,0.034,236.8
2023-09-30 09:58:06.539848,0.854,0.034,236.8
2023-09-30 09:58:08.195207,0.854,0.034,236.8
2023-09-30 09:58:09.001155,0.854,0.033,236.8
2023-09-30 09:58:09.816956,0.854,0.033,236.8
2023-09-30 09:58:10.634568,0.854,0.033,236.8
2023-09-30 09:58:12.272869,0.854,0.034,236.8
2023-09-30 09:58:13.062934,0.854,0.034,236.8
2023-09-30 09:58:13.847219,0.854,0.034,236.8
2023-09-30 09:58:14.642783,0.854,0.034,236.8
2023-09-30 09:58:16.268854,0.892,0.036,236.8
2023-09-30 09:58:17.100525,0.892,0.036,236.8
2023-09-30 09:58:17.904236,0.892,0.034,236.8
2023-09-30 09:58:18.609602,0.892,0.034,236.8
2023-09-30 09:58:20.155880,0.892,0.034,236.8
2023-09-30 09:58:20.975641,0.892,0.034,236.8
2023-09-30 09:58:21.797816,0.892,0.034,236.8
2023-09-30 09:58:22.615374,0.892,0.036,236.8
2023-09-30 09:58:24.256810,0.892,0.036,236.8
2023-09-30 09:58:25.076583,0.892,0.034,236.8
2023-09-30 09:58:25.890753,0.892,0.034,236.8
2023-09-30 09:58:26.710291,0.892,0.034,236.8
2023-09-30 09:58:27.529210,0.892,0.034,236.8
2023-09-30 09:58:29.170948,0.892,0.034,236.8
2023-09-30 09:58:29.987609,0.892,0.034,236.8
2023-09-30 09:58:30.806746,0.892,0.034,236.8
2023-09-30 09:58:31.628100,0.892,0.034,236.8
2023-09-30 09:58:33.263664,0.892,0.034,236.8
2023-09-30 09:58:34.100722,0.892,0.034,236.8
2023-09-30 09:58:34.905327,0.892,0.034,236.8
2023-09-30 09:58:35.722454,0.892,0.034,236.8
2023-09-30 09:58:37.365321,0.892,0.033,236.8
2023-09-30 09:58:38.180767,0.892,0.033,236.8
2023-09-30 09:58:38.998664,0.854,0.033,236.8
2023-09-30 09:58:39.954573,0.854,0.034,236.8
2023-09-30 09:58:40.741498,0.854,0.034,236.8
2023-09-30 09:58:41.558843,0.854,0.036,236.8
2023-09-30 09:58:43.233449,0.854,0.036,236.8
2023-09-30 09:58:43.935326,0.854,0.033,236.8
2023-09-30 09:58:44.734528,0.854,0.033,236.8
2023-09-30 09:58:46.255713,0.854,0.034,236.8
2023-09-30 09:58:47.016461,0.854,0.034,236.8
2023-09-30 09:58:47.806819,0.854,0.034,236.8
2023-09-30 09:58:48.625368,0.854,0.034,236.8
2023-09-30 09:58:50.333531,0.854,0.034,236.8
2023-09-30 09:58:51.085853,0.854,0.035,236.8
2023-09-30 09:58:51.904665,0.854,0.035,236.8
2023-09-30 09:58:52.735883,0.854,0.035,236.8
2023-09-30 09:58:54.364888,0.854,0.033,236.8
2023-09-30 09:58:55.212947,0.854,0.033,236.8
2023-09-30 09:58:55.997628,0.873,0.034,236.8
2023-09-30 09:58:56.858278,0.873,0.034,236.8
2023-09-30 09:58:57.761882,0.873,0.034,236.8
2023-09-30 09:58:58.558612,0.873,0.038,236.8
2023-09-30 09:59:00.198517,0.873,0.037,236.8
2023-09-30 09:59:01.017875,0.873,0.037,236.8
2023-09-30 09:59:01.835076,0.873,0.037,236.8
2023-09-30 09:59:03.371599,0.873,0.034,236.8
2023-09-30 09:59:04.192909,0.873,0.034,236.8
2023-09-30 09:59:05.045032,0.873,0.034,236.8
2023-09-30 09:59:05.828309,0.873,0.034,236.8
2023-09-30 09:59:06.547469,0.873,0.034,236.8
2023-09-30 09:59:08.313722,0.873,0.037,236.8
2023-09-30 09:59:09.105593,0.873,0.037,236.8
2023-09-30 09:59:09.961080,0.873,0.034,236.8
2023-09-30 09:59:10.783169,0.873,0.034,236.8
2023-09-30 09:59:11.563959,0.873,0.034,236.8
2023-09-30 09:59:13.205824,0.873,0.033,236.8
2023-09-30 09:59:13.917999,0.873,0.034,236.8
2023-09-30 09:59:14.737556,0.873,0.034,236.8
2023-09-30 09:59:16.375385,0.873,0.034,236.8
2023-09-30 09:59:17.195673,0.873,0.034,236.8
2023-09-30 09:59:18.013454,0.873,0.034,236.8
2023-09-30 09:59:18.833247,0.873,0.036,236.8
2023-09-30 09:59:19.655331,0.873,0.036,236.8
2023-09-30 09:59:20.474947,0.873,0.036,236.8
2023-09-30 09:59:22.212196,0.873,0.034,236.8
2023-09-30 09:59:23.030738,0.873,0.035,236.8
2023-09-30 09:59:23.852645,0.873,0.035,236.8
2023-09-30 09:59:24.671218,0.873,0.035,236.8
2023-09-30 09:59:26.337342,0.873,0.038,236.8
2023-09-30 09:59:27.126687,0.873,0.038,236.8
2023-09-30 09:59:27.949529,0.873,0.034,236.8
2023-09-30 09:59:28.714252,0.873,0.034,236.8
2023-09-30 09:59:30.301721,0.873,0.034,236.8
2023-09-30 09:59:31.126774,0.873,0.034,236.8
2023-09-30 09:59:31.940452,0.873,0.034,236.8
2023-09-30 09:59:32.758774,0.873,0.033,236.8
2023-09-30 09:59:33.579200,0.873,0.033,236.8
2023-09-30 09:59:35.218603,0.873,0.034,236.8
2023-09-30 09:59:36.035972,0.873,0.034,236.8
2023-09-30 09:59:36.957178,0.873,0.034,236.8
2023-09-30 09:59:37.779635,0.873,0.034,236.8
2023-09-30 09:59:38.599929,0.873,0.034,236.8
2023-09-30 09:59:40.261257,0.873,0.034,236.8
2023-09-30 09:59:41.057806,0.873,0.034,236.8
2023-09-30 09:59:41.872269,0.873,0.034,236.8
2023-09-30 09:59:43.399382,0.873,0.034,236.8
2023-09-30 09:59:44.172624,0.873,0.034,236.8
2023-09-30 09:59:44.945549,0.873,0.034,236.8
2023-09-30 09:59:45.763670,0.873,0.034,236.8
2023-09-30 09:59:47.402562,0.873,0.033,236.8
2023-09-30 09:59:48.223546,0.873,0.033,236.8
2023-09-30 09:59:49.042343,0.873,0.034,236.8
2023-09-30 09:59:49.860071,0.873,0.034,236.8
2023-09-30 09:59:50.681963,0.873,0.038,236.8
2023-09-30 09:59:52.319899,0.873,0.038,236.8
2023-09-30 09:59:53.136521,0.873,0.033,236.8
2023-09-30 09:59:53.856268,0.873,0.033,236.8
2023-09-30 09:59:54.572195,0.873,0.033,236.8
2023-09-30 09:59:56.311164,0.873,0.035,236.8
2023-09-30 09:59:57.130613,0.873,0.035,236.8
2023-09-30 09:59:57.950161,0.873,0.034,236.8
2023-09-30 09:59:58.776490,0.873,0.034,236.8
2023-09-30 10:00:00.410333,0.854,0.034,236.8
2023-09-30 10:00:01.228585,0.854,0.035,236.8
2023-09-30 10:00:02.046548,0.854,0.038,236.8
2023-09-30 10:00:02.865537,0.854,0.038,236.8
2023-09-30 10:00:03.688492,0.854,0.038,236.8
2023-09-30 10:00:05.322682,0.854,0.037,236.8
2023-09-30 10:00:06.141805,0.854,0.037,236.8
2023-09-30 10:00:06.990684,0.854,0.037,236.8
2023-09-30 10:00:07.779944,0.854,0.037,236.8
2023-09-30 10:00:08.599062,0.854,0.034,236.8
2023-09-30 10:00:10.271467,0.854,0.034,236.8
2023-09-30 10:00:11.057472,0.854,0.034,236.8
2023-09-30 10:00:11.911329,0.854,0.034,236.8
2023-09-30 10:00:13.403466,0.854,0.036,236.8
2023-09-30 10:00:14.231775,0.854,0.036,236.8
2023-09-30 10:00:15.050361,0.854,0.033,236.8
2023-09-30 10:00:15.870979,0.854,0.033,236.8
2023-09-30 10:00:16.689363,0.854,0.033,236.8
2023-09-30 10:00:18.328367,0.854,0.034,236.8
2023-09-30 10:00:19.146415,0.854,0.034,236.8
2023-09-30 10:00:19.970228,0.854,0.034,236.8
2023-09-30 10:00:20.787295,0.854,0.034,236.8
2023-09-30 10:00:22.307706,0.873,0.034,236.8
2023-09-30 10:00:23.041835,0.873,0.034,236.8
2023-09-30 10:00:23.857190,0.873,0.034,236.8
2023-09-30 10:00:24.676010,0.873,0.034,236.8
2023-09-30 10:00:26.317656,0.873,0.034,236.8
2023-09-30 10:00:27.161316,0.873,0.035,236.8
2023-09-30 10:00:27.954940,0.873,0.035,236.8
2023-09-30 10:00:28.772867,0.873,0.035,236.8
2023-09-30 10:00:30.410443,0.873,0.034,236.8
2023-09-30 10:00:31.229821,0.873,0.034,236.8
2023-09-30 10:00:32.049698,0.873,0.034,236.8
2023-09-30 10:00:32.902648,0.873,0.034,236.8
2023-09-30 10:00:33.693603,0.873,0.034,236.8
2023-09-30 10:00:35.375531,0.873,0.034,236.8
2023-09-30 10:00:36.165137,0.873,0.034,236.8
2023-09-30 10:00:36.998578,0.873,0.034,236.8
2023-09-30 10:00:37.783870,0.873,0.034,236.8
2023-09-30 10:00:39.319362,0.873,0.033,236.8
2023-09-30 10:00:40.138732,0.873,0.033,236.8
2023-09-30 10:00:40.960885,0.873,0.033,236.8
2023-09-30 10:00:41.779178,0.873,0.034,236.8
2023-09-30 10:00:43.417244,0.873,0.034,236.8
2023-09-30 10:00:44.132927,0.873,0.034,236.8
2023-09-30 10:00:44.962818,0.873,0.034,236.8
2023-09-30 10:00:45.771743,0.873,0.034,236.8
2023-09-30 10:00:47.207671,0.873,0.034,236.8
2023-09-30 10:00:48.058576,0.873,0.034,236.8
2023-09-30 10:00:48.843260,0.873,0.034,236.8
2023-09-30 10:00:49.678708,0.873,0.034,236.8
2023-09-30 10:00:51.301490,0.873,0.035,236.8
2023-09-30 10:00:52.154598,0.873,0.035,236.8
2023-09-30 10:00:52.939031,0.873,0.034,236.8
2023-09-30 10:00:53.761599,0.873,0.034,236.8
2023-09-30 10:00:55.399000,0.873,0.034,236.8
2023-09-30 10:00:56.215468,0.873,0.034,236.8
2023-09-30 10:00:57.035640,0.873,0.034,236.8
2023-09-30 10:00:57.855414,0.873,0.034,236.8
2023-09-30 10:00:59.287555,0.873,0.034,236.8
2023-09-30 10:01:00.107378,0.873,0.034,236.8
2023-09-30 10:01:00.926217,0.873,0.034,236.8
2023-09-30 10:01:01.644661,0.873,0.034,236.8
2023-09-30 10:01:03.284588,0.873,0.034,236.8
2023-09-30 10:01:04.100471,0.873,0.034,236.8
2023-09-30 10:01:04.920302,0.873,0.034,236.8
2023-09-30 10:01:05.738913,0.873,0.034,236.8
2023-09-30 10:01:07.312135,0.873,0.034,236.8
2023-09-30 10:01:08.096681,0.873,0.034,236.8
2023-09-30 10:01:08.914121,0.835,0.034,236.8
2023-09-30 10:01:09.732741,0.835,0.034,236.8
2023-09-30 10:01:11.373270,0.835,0.034,236.8
2023-09-30 10:01:12.221906,0.835,0.034,236.8
2023-09-30 10:01:13.009527,0.835,0.034,236.8
2023-09-30 10:01:13.711066,0.835,0.034,236.8
2023-09-30 10:01:15.262046,0.835,0.034,236.8
2023-09-30 10:01:16.081346,0.835,0.038,236.8
2023-09-30 10:01:16.900648,0.835,0.038,236.8
2023-09-30 10:01:17.720680,0.835,0.038,236.8
2023-09-30 10:01:19.359105,0.835,0.033,236.8
2023-09-30 10:01:20.181770,0.835,0.033,236.8
2023-09-30 10:01:20.999850,0.835,0.036,236.8
2023-09-30 10:01:21.817033,0.835,0.036,236.8
2023-09-30 10:01:22.639446,0.835,0.036,236.8
2023-09-30 10:01:24.273393,0.835,0.038,236.8
2023-09-30 10:01:25.093303,0.835,0.038,236.8
2023-09-30 10:01:25.945391,0.835,0.034,236.8
2023-09-30 10:01:26.732085,0.835,0.034,236.8
2023-09-30 10:01:28.373215,0.835,0.034,236.8
2023-09-30 10:01:29.189199,0.835,0.034,236.8
2023-09-30 10:01:30.009588,0.835,0.034,236.8
2023-09-30 10:01:30.716799,0.835,0.034,236.8
2023-09-30 10:01:32.363668,0.892,0.034,236.8
2023-09-30 10:01:33.185210,0.892,0.035,236.8
2023-09-30 10:01:34.027623,0.892,0.035,236.8
2023-09-30 10:01:34.821826,0.892,0.037,236.8
2023-09-30 10:01:35.641625,0.892,0.037,236.8
2023-09-30 10:01:37.278480,0.892,0.034,236.8
2023-09-30 10:01:38.103868,0.892,0.034,236.8
2023-09-30 10:01:38.951578,0.892,0.034,236.8
2023-09-30 10:01:39.739926,0.892,0.035,236.8
2023-09-30 10:01:41.384412,0.892,0.035,236.8
2023-09-30 10:01:42.193875,0.892,0.033,236.8
2023-09-30 10:01:43.014187,0.892,0.033,236.8
2023-09-30 10:01:44.423979,0.892,0.036,236.8
2023-09-30 10:01:45.165874,0.892,0.036,236.8
2023-09-30 10:01:45.984946,0.892,0.034,236.8
2023-09-30 10:01:47.007018,0.892,0.034,236.8
2023-09-30 10:01:48.235696,0.892,0.034,236.8
2023-09-30 10:01:49.127728,0.892,0.034,236.8
2023-09-30 10:01:49.863214,0.892,0.034,236.8
2023-09-30 10:01:51.413235,0.835,0.034,236.8
2023-09-30 10:01:52.230447,0.835,0.034,236.8
2023-09-30 10:01:53.080769,0.835,0.034,236.8
2023-09-30 10:01:54.296067,0.835,0.034,236.8
2023-09-30 10:01:55.107943,0.835,0.036,236.8
2023-09-30 10:01:55.919511,0.835,0.036,236.8
2023-09-30 10:01:56.840768,0.835,0.036,236.8
2023-09-30 10:01:57.691351,0.835,0.034,236.8
2023-09-30 10:01:59.303744,0.835,0.034,236.8
2023-09-30 10:02:00.122280,0.835,0.034,236.8
2023-09-30 10:02:00.996858,0.835,0.034,236.8
2023-09-30 10:02:01.755309,0.835,0.034,236.8
2023-09-30 10:02:02.982326,0.835,0.035,236.8
2023-09-30 10:02:03.684054,0.835,0.035,236.8
2023-09-30 10:02:05.364863,0.835,0.034,236.8
2023-09-30 10:02:06.187955,0.835,0.034,236.8
2023-09-30 10:02:06.974983,0.835,0.033,236.8
2023-09-30 10:02:07.795563,0.835,0.033,236.8
2023-09-30 10:02:09.436983,0.835,0.036,236.8
2023-09-30 10:02:10.253288,0.835,0.036,236.8
2023-09-30 10:02:11.191473,0.835,0.037,236.8
2023-09-30 10:02:11.993641,0.835,0.037,236.8
2023-09-30 10:02:12.846527,0.835,0.037,236.8
2023-09-30 10:02:14.410405,0.892,0.037,236.8
2023-09-30 10:02:15.114011,0.892,0.037,236.8
2023-09-30 10:02:15.884901,0.892,0.034,236.8
2023-09-30 10:02:16.703450,0.892,0.034,236.8
2023-09-30 10:02:18.344349,0.892,0.034,236.8
2023-09-30 10:02:19.164945,0.892,0.034,236.8
2023-09-30 10:02:19.979968,0.892,0.034,236.8
2023-09-30 10:02:20.803250,0.892,0.034,236.8
2023-09-30 10:02:22.439827,0.892,0.034,236.8
2023-09-30 10:02:23.257199,0.892,0.034,236.8
2023-09-30 10:02:24.075938,0.892,0.034,236.8
2023-09-30 10:02:24.895511,0.892,0.034,236.8
2023-09-30 10:02:25.717527,0.892,0.034,236.8
2023-09-30 10:02:27.354343,0.892,0.034,236.8
2023-09-30 10:02:28.276217,0.892,0.034,236.8
2023-09-30 10:02:28.989683,0.892,0.034,236.8
2023-09-30 10:02:29.811087,0.892,0.034,236.8
2023-09-30 10:02:31.449163,0.892,0.034,236.8
2023-09-30 10:02:32.268864,0.892,0.036,236.8
2023-09-30 10:02:33.087958,0.892,0.036,236.8
2023-09-30 10:02:33.907083,0.892,0.036,236.8
2023-09-30 10:02:34.726320,0.892,0.033,236.8
2023-09-30 10:02:36.374039,0.892,0.034,236.8
2023-09-30 10:02:37.184231,0.854,0.034,236.8
2023-09-30 10:02:38.003666,0.854,0.034,236.8
2023-09-30 10:02:38.823160,0.854,0.034,236.8
2023-09-30 10:02:39.648141,0.854,0.034,236.8
2023-09-30 10:02:40.668283,0.854,0.034,236.8
2023-09-30 10:02:42.410410,0.854,0.035,236.8
2023-09-30 10:02:43.257168,0.854,0.035,236.8
2023-09-30 10:02:43.959548,0.854,0.034,236.8
2023-09-30 10:02:44.782229,0.854,0.034,236.8
2023-09-30 10:02:46.361077,0.854,0.034,236.8
2023-09-30 10:02:47.117356,0.854,0.034,236.8
2023-09-30 10:02:47.941431,0.854,0.034,236.8
2023-09-30 10:02:48.756323,0.854,0.034,236.8
2023-09-30 10:02:50.420019,0.854,0.034,236.8
2023-09-30 10:02:51.212900,0.854,0.034,236.8
2023-09-30 10:02:52.123166,0.854,0.034,236.8
2023-09-30 10:02:52.978566,0.854,0.034,236.8
2023-09-30 10:02:53.876664,0.854,0.033,236.8
2023-09-30 10:02:54.686806,0.854,0.033,236.8
2023-09-30 10:02:55.555585,0.854,0.034,236.8
2023-09-30 10:02:56.511710,0.854,0.034,236.8
2023-09-30 10:02:58.485225,0.854,0.036,236.8
2023-09-30 10:02:59.302361,0.854,0.036,236.8
2023-09-30 10:03:00.122193,0.854,0.036,236.8
2023-09-30 10:03:01.042772,0.816,0.036,236.8
2023-09-30 10:03:01.865568,0.816,0.036,236.8
2023-09-30 10:03:03.501449,0.816,0.034,236.8
2023-09-30 10:03:04.319734,0.816,0.034,236.8
2023-09-30 10:03:05.242697,0.816,0.034,236.8
2023-09-30 10:03:05.943099,0.816,0.034,236.8
2023-09-30 10:03:06.705443,0.816,0.034,236.8
2023-09-30 10:03:08.389456,0.816,0.034,236.8
2023-09-30 10:03:09.262763,0.816,0.034,236.8
2023-09-30 10:03:10.057673,0.816,0.034,236.8
2023-09-30 10:03:10.897644,0.816,0.034,236.8
2023-09-30 10:03:11.831012,0.816,0.033,236.8
2023-09-30 10:03:13.504987,0.816,0.033,236.8
2023-09-30 10:03:14.205053,0.816,0.034,236.8
2023-09-30 10:03:14.998332,0.816,0.034,236.8
2023-09-30 10:03:15.788361,0.816,0.034,236.8
2023-09-30 10:03:16.615469,0.816,0.034,236.8
2023-09-30 10:03:18.384442,0.816,0.034,236.8
2023-09-30 10:03:19.167821,0.816,0.034,236.8
2023-09-30 10:03:20.023079,0.816,0.034,236.8
2023-09-30 10:03:20.809272,0.816,0.034,236.8
2023-09-30 10:03:22.474313,0.816,0.034,236.8
2023-09-30 10:03:23.316357,0.816,0.035,236.8
2023-09-30 10:03:24.427167,0.816,0.035,236.8
2023-09-30 10:03:25.210454,0.873,0.035,236.8
2023-09-30 10:03:26.036355,0.873,0.034,236.8
2023-09-30 10:03:26.951464,0.873,0.034,236.8
2023-09-30 10:03:27.871865,0.873,0.034,236.8
2023-09-30 10:03:29.479106,0.873,0.036,236.8
2023-09-30 10:03:30.389285,0.873,0.036,236.8
2023-09-30 10:03:31.243386,0.873,0.034,236.8
2023-09-30 10:03:32.038418,0.873,0.034,236.8
2023-09-30 10:03:32.858154,0.873,0.035,236.8
2023-09-30 10:03:34.428981,0.873,0.035,236.8
2023-09-30 10:03:35.244704,0.873,0.034,236.8
2023-09-30 10:03:36.064900,0.873,0.034,236.8
2023-09-30 10:03:36.886900,0.873,0.034,236.8
2023-09-30 10:03:37.808233,0.873,0.034,236.8
2023-09-30 10:03:39.444188,0.873,0.034,236.8
2023-09-30 10:03:40.152418,0.873,0.034,236.8
2023-09-30 10:03:40.876530,0.873,0.034,236.8
2023-09-30 10:03:42.516963,0.873,0.035,236.8
2023-09-30 10:03:43.335021,0.873,0.035,236.8
2023-09-30 10:03:44.154573,0.873,0.034,236.8
2023-09-30 10:03:44.870207,0.873,0.034,236.8
2023-09-30 10:03:46.503913,0.873,0.034,236.8
2023-09-30 10:03:47.241807,0.873,0.034,236.8
2023-09-30 10:03:48.068390,0.873,0.034,236.8
2023-09-30 10:03:48.889489,0.873,0.034,236.8
2023-09-30 10:03:50.503151,0.873,0.034,236.8
2023-09-30 10:03:50.503151,0.873,0.034,236.8
2023-09-30 10:03:52.457117,0.873,0.034,236.8
2023-09-30 10:03:52.457117,0.873,0.034,236.8
2023-09-30 10:03:53.681465,0.873,0.035,236.8
2023-09-30 10:03:55.365127,0.873,0.034,236.8
2023-09-30 10:03:56.171722,0.873,0.034,236.8
2023-09-30 10:03:57.365287,0.873,0.034,236.8
2023-09-30 10:03:58.304148,0.873,0.034,236.8
2023-09-30 10:03:59.031144,0.873,0.034,236.8
2023-09-30 10:03:59.851026,0.873,0.034,236.8
2023-09-30 10:04:01.460292,0.873,0.034,236.8
2023-09-30 10:04:02.381345,0.873,0.037,236.8
2023-09-30 10:04:03.201550,0.873,0.037,236.8
2023-09-30 10:04:04.125098,0.873,0.038,236.8
2023-09-30 10:04:05.044635,0.873,0.038,236.8
2023-09-30 10:04:05.866286,0.873,0.038,236.8
2023-09-30 10:04:07.520851,0.873,0.034,236.8
2023-09-30 10:04:08.320284,0.873,0.037,236.8
2023-09-30 10:04:09.140633,0.873,0.037,236.8
2023-09-30 10:04:09.843593,0.873,0.037,236.8
2023-09-30 10:04:11.516760,0.892,0.034,236.8
2023-09-30 10:04:12.315385,0.892,0.034,236.8
2023-09-30 10:04:13.068177,0.892,0.034,236.8
2023-09-30 10:04:13.852341,0.892,0.034,236.8
2023-09-30 10:04:15.420015,0.892,0.034,236.8
2023-09-30 10:04:16.205906,0.892,0.034,236.8
2023-09-30 10:04:17.008281,0.892,0.034,236.8
2023-09-30 10:04:17.785323,0.892,0.036,236.8
2023-09-30 10:04:19.431005,0.892,0.036,236.8
2023-09-30 10:04:20.253021,0.892,0.036,236.8
2023-09-30 10:04:20.253021,0.892,0.036,236.8
2023-09-30 10:04:20.253021,0.892,0.036,236.8
2023-09-30 10:04:20.253021,0.892,0.036,236.8
2023-09-30 10:04:20.253021,0.892,0.036,236.8
2023-09-30 10:04:20.253021,0.892,0.036,236.8
2023-09-30 10:04:20.253021,0.892,0.036,236.8
2023-09-30 10:04:20.253021,0.892,0.036,236.8
2023-09-30 10:04:20.253021,0.892,0.036,236.8
2023-09-30 10:04:20.253021,0.892,0.036,236.8
2023-09-30 10:04:20.253021,0.892,0.036,236.8
2023-09-30 10:04:20.253021,0.892,0.036,236.8
2023-09-30 10:04:20.253021,0.892,0.036,236.8
2023-09-30 10:04:20.253021,0.892,0.036,236.8
2023-09-30 10:04:20.253021,0.892,0.036,236.8
2023-09-30 10:04:20.253021,0.892,0.036,236.8
2023-09-30 10:04:20.253021,0.892,0.036,236.8
2023-09-30 10:04:20.253021,0.892,0.036,236.8
2023-09-30 10:04:20.253021,0.892,0.036,236.8
